id,textTranslated.en,themeIdsReviewed,modelThemes,themeScores,falsePositives,falseScores
ae7b8bec-c845-444b-b737-dbf4e85e12b4,Unbelievable cure for hepatitis B #BreakingNews #viralvideo #viralpost #hepatitis B #healthyrecipes.,['alternative-cures'],"['medical-exploitation', 'prevention-individual', 'alternative-cures', 'case-reporting', 'media-bias', 'treatment', 'alternative-cures']","[0.9976805448532104, 0.9976462721824646, 0.9885733723640442, 0.884563148021698, 0.8771694302558899, 0.8764759302139282, 0.8687360882759094]","['media-bias', 'medical-exploitation', 'case-reporting', 'treatment', 'prevention-individual']","[0.8771694302558899, 0.9976805448532104, 0.884563148021698, 0.8764759302139282, 0.9976462721824646]"
43b062bf-8a7f-49e8-a081-c4b892c57f22,"Here is Fisabilillahi Help to protect your health and reduce financial losses 1- If you want to treat Dankanoma, Bagaruwa tea or its leaves are enough for you 2- if you want to get rid of malaria, tea of sorghum leaves, lemon leaves, half of Shuwaka leaves, or papaya is enough for you 3- if you want to remove the dirt from the stomach and wash your kidneys (kidneys) with mango leaf powder and lemon or apple 4 if you want to get rid of bad breath mint tea mixed with lemon or Honey 5- if you really want Kuzari without stopping Energy Drinks or male enhancement pills, then chew two Male Nuts, 7 dates and drink coconut water here 6- If you want to treat mosquito bites, get orange peel and onion, you can put them in a sieve and put them in a funnel for a day before you spray them, or you can turn them into powder so that you put them on top of coals and the smoke will rise and all the mosquitoes will die or leave. 7-If you want to treat Hawa blood, Kasha Shayin Garin habbatus Sauda da Citta and Garin Tafarnuwa) reduce your thinking, avoid white sugar in food, drink energy drinks, avoid soda drink, and salt that is not burned in food 8- If you want to treat liver disease Hepatitis, stop sugarcane a lot and eat cucumber 9-If you want to get rid of stress, depression, listen to the recitation of the Quran 10-If you want to treat demons or drive them out of your house or someone else's body, stop drinking traditional tea, and Smoke the leaves of Naana'a, a demon or a demon, no matter how strong they are, they will leave because they don't like the smell of it just like we don't like the smell of bones. Photos from Sha Kuji Dadi's post","['alternative-cures', 'religious-practices', 'prevention-individual']","['alternative-cures', 'religious-practices', 'prevention-individual', 'alternative-cures', 'prevention-individual', 'alternative-cures', 'alternative-cures', 'stigmatization', 'prevention-collective', 'rfi', 'religious-practices', 'variants', 'bioweapon']","[0.9944560527801514, 0.9942377805709839, 0.99375981092453, 0.9916867017745972, 0.9908778667449951, 0.9904266595840454, 0.9890646934509277, 0.9769718050956726, 0.9755387306213379, 0.9738765954971313, 0.9645600914955139, 0.910756528377533, 0.8784595727920532]","['stigmatization', 'rfi', 'bioweapon', 'variants', 'prevention-collective']","[0.9769718050956726, 0.9738765954971313, 0.8784595727920532, 0.910756528377533, 0.9755387306213379]"
daaa98f4-72fe-4052-9b32-216b6dd6aa97,"Here is Fisabilillahi Help to protect your health and reduce financial losses 1- If you want to treat Dankanoma, Bagaruwa tea or its leaves are enough for you 2- if you want to get rid of malaria, tea of sorghum leaves, lemon leaves, half of Shuwaka leaves, or papaya is enough for you 3- if you want to remove the dirt from the stomach and wash your kidneys (kidneys) with mango leaf powder and lemon or apple 4 if you want to get rid of bad breath mint tea mixed with lemon or Honey 5- if you really want Kuzari without stopping Energy Drinks or male enhancement pills, then chew two Male Nuts, 7 dates and drink coconut water here 6- If you want to treat mosquito bites, get orange peel and onion, you can put them in a sieve and put them in a funnel for a day before you spray them, or you can turn them into powder so that you put them on top of coals and the smoke will rise and all the mosquitoes will die or leave. 7-If you want to treat Hawa blood, Kasha Shayin Garin habbatus Sauda da Citta and Garin Tafarnuwa) reduce your thinking, avoid white sugar in food, drink energy drinks, avoid soda drink, and salt that is not burned in food 8- If you want to treat liver disease Hepatitis, stop sugarcane a lot and eat cucumber 9-If you want to get rid of stress, depression, listen to the recitation of the Quran 10-If you want to treat demons or drive them out of your house or someone else's body, stop drinking traditional tea, and Smoke the leaves of Naana'a, a demon or a demon, no matter how strong they are, they will leave because they don't like the smell of it just like we don't like the smell of bones. Photos from Secret Life's post","['alternative-cures', 'religious-practices']","['prevention-individual', 'alternative-cures', 'religious-practices', 'alternative-cures', 'prevention-individual', 'alternative-cures', 'alternative-cures', 'stigmatization', 'prevention-collective', 'rfi', 'religious-practices', 'variants', 'bioweapon']","[0.9942127466201782, 0.9936975836753845, 0.9934719204902649, 0.9912511110305786, 0.9903607368469238, 0.9887611269950867, 0.9867937564849854, 0.9780133366584778, 0.9741129875183105, 0.9703615307807922, 0.965999960899353, 0.908279538154602, 0.8935199975967407]","['stigmatization', 'rfi', 'bioweapon', 'variants', 'prevention-individual', 'prevention-collective']","[0.9780133366584778, 0.9703615307807922, 0.8935199975967407, 0.908279538154602, 0.9942127466201782, 0.9741129875183105]"
a1ae8e01-76c3-4293-9a31-50bf62a076d1,Lady Healed of HIV Testimonyü•∫üî• #salvationhub,"['alternative-cures', 'religious-practices']","['religious-practices', 'case-reporting', 'alternative-cures', 'prevention-individual', 'rfi', 'alternative-cures', 'prevention-individual', 'treatment', 'rfi', 'prevention-collective']","[0.9936419725418091, 0.989616334438324, 0.9882286787033081, 0.9808031916618347, 0.9730408787727356, 0.9595341086387634, 0.9554975628852844, 0.9162424206733704, 0.9114238619804382, 0.8679075241088867]","['case-reporting', 'rfi', 'treatment', 'prevention-individual', 'prevention-collective']","[0.989616334438324, 0.9730408787727356, 0.9162424206733704, 0.9808031916618347, 0.8679075241088867]"
c350b1e5-065b-4f51-9cb0-b7953b7bc12b,"WORLD MOSQUITO DAY A mosquito (bug) is a creature with six legs and two wings, it is among the animals that fly, it is also like all creatures it has a male and a female, it drinks the blood of a human (female mosquito) until it causes fever. Mosquito bites. Mosquitoes are one of the world's deadliest insect vectors, infecting millions of people every year. More than one million children die every year as a result of this mosquito-borne disease, according to research (Wikepedia). Malaria is a disease that can affect people, and it is caused by the presence of plasmodium species in the blood which is spread by the female mosquito, and now the mosquito has started to tolerate the insecticides that are used to kill it. Symptoms of malaria include fever, headache, vomiting, anemia, bad taste in the mouth, etc., which is caused by mosquito bites, and blood transfusion. Health experts have explained cleaning the environment (get rid of all the places where mosquitoes live), using insecticides, sleeping in a treated mosquito net, for young children and there is this medicine which is provided by the SMC program that is SPARK, which is administered four times a year (4 cycles) to children under the age of five, as a means of protection from contracting malaria. What advice would you give to the authorities to fight malaria in Nigeria? #worldmosquitoday #WorldMosquitoDay #NasaraRadio #AmanarTalaka 20/8/2023 | Nasara Radio 98.5 FM (Amanar Talaka) ASARARADIO Poor WOLD SQUITO DAY World Mosquito Day August 20th every year f Nasara Radio 98.5 FM","['rfi', 'treatment', 'symptoms-severity', 'prevention-individual', 'capacity']","['rfi', 'treatment', 'prevention-collective', 'stigmatization', 'prevention-individual', 'rfi', 'bioweapon', 'symptoms-severity', 'prevention-individual', 'treatment', 'bioweapon', 'medical-exploitation', 'treatment', 'media-bias']","[0.9962155818939209, 0.9947521090507507, 0.982895016670227, 0.9752078056335449, 0.9750521183013916, 0.9695790410041809, 0.9514589309692383, 0.9436580538749695, 0.9419949650764465, 0.9405226111412048, 0.9156754612922668, 0.8550117611885071, 0.8536504507064819, 0.8401780724525452]","['stigmatization', 'media-bias', 'medical-exploitation', 'bioweapon', 'prevention-collective']","[0.9752078056335449, 0.8401780724525452, 0.8550117611885071, 0.9514589309692383, 0.982895016670227]"
69b63e43-c823-4331-a05f-4409ccc054c3,"INSTANT MIRACLES (CONT‚ÄôD) ‚Ä¢ Goiter has been healed! ‚Ä¢ One-year lumber spondylosis has been healed! ‚Ä¢ Teeth pain has been healed! ‚Ä¢ Back pain has been healed. ‚Ä¢ Pain on the leg was healed, after a prophetic word from Apostle Joshua Selman. ‚Ä¢ Hepatitis and ulcer were healed, during the prayer session! ‚Ä¢ Serial headache and nasal congestion since 2012 have been miraculously healed during the prayer session. ‚Ä¢ Asthma has been miraculously healed. ‚Ä¢A miracle job has just been confirmed, following a phone call. #ApostleJoshuaSelman #August2023MiracleService #KoinoniaAbuja #KoinoniaGlobal","['alternative-cures', 'religious-practices']","['prevention-individual', 'alternative-cures', 'religious-practices', 'religious-practices', 'case-reporting', 'variants', 'symptoms-severity', 'alternative-cures', 'rfi', 'rfi', 'prevention-individual']","[0.998715877532959, 0.9981255531311035, 0.9979705214500427, 0.9970285296440125, 0.9931209087371826, 0.9874207377433777, 0.9313383102416992, 0.9213461875915527, 0.9104817509651184, 0.8904059529304504, 0.8621687293052673]","['symptoms-severity', 'rfi', 'case-reporting', 'variants', 'prevention-individual']","[0.9313383102416992, 0.9104817509651184, 0.9931209087371826, 0.9874207377433777, 0.998715877532959]"
d1692ee0-d7a2-4fac-9f86-a5faf0e319cb,"In this report, Nurudeen Akewushola reports how a general hospital in Kaduna State has been operating without electricity since August 2022. The hospital‚Äôs health workers interviewed by #TheICIR shared their experiences of using cellphone touch lights and rechargeable lamps to provide healthcare for patients due to the absence of electricity. They also expressed their concern over the frustration of patients in the pediatric ward, where they constantly battle heat and mosquito bites. The hospital was confirmed to have no potable water, either for drinking or domestic use. Findings showed that health workers, especially nurses, often go outside the hospital to get water at a cost. Relatives of the patients also do the same in some cases, due to the same challenge. | SINCE August 2022, the General Hospital in Sabo, Chikun local government area of Kaduna State has been operating without electricity. In this report, Nurudeen Akewushola chronicles how the hospital was thrown off the national grid crippling healthcare services in the hospital. | Inside Kaduna General Hospital where power outage frustrates healthcare delivery | The ICIR- Latest News, Politics, Governance, Elections, Investigation, Factcheck, Covid-19",['capacity'],"['prevention-individual', 'case-reporting', 'symptoms-severity', 'rfi', 'stigmatization', 'corruption', 'medical-exploitation', 'corruption', 'capacity']","[0.995952844619751, 0.9953883290290833, 0.9752117395401001, 0.9699096083641052, 0.9090960621833801, 0.8764689564704895, 0.859146773815155, 0.8543570041656494, 0.8201355338096619]","['stigmatization', 'medical-exploitation', 'symptoms-severity', 'rfi', 'case-reporting', 'prevention-individual', 'corruption']","[0.9090960621833801, 0.859146773815155, 0.9752117395401001, 0.9699096083641052, 0.9953883290290833, 0.995952844619751, 0.8764689564704895]"
f0fbe15a-5b61-442e-9d8f-743ba024b789,"HIV POSITIVE TURN TO NEGATIVE üî•üî• || JESUS IS SO REALüò≠üò≠üò≠üò≠üò≠üò≠ By _cfanuk - A woman who was once diagnosed with HIV attended the CfaN Gospel Crusade, where she was prayed for. Following the event she sought medical testing at three different clinicsand all the tests came back negative Many are celebrating this as a miraculous healing and giving thanks for what they believe is a sign of divine intervention. It's a remarkable story that has inspired joy and hope in those who hear it.... Amen. Spread this miracleous work of Jesus Christ üî• to bless others üôè #cfanuk #gospelliftchannel #miracles",['religious-practices'],"['prevention-individual', 'case-reporting', 'religious-practices', 'alternative-cures', 'variants', 'prevention-collective', 'treatment']","[0.9986148476600647, 0.9984734654426575, 0.9981546998023987, 0.9958221316337585, 0.983138918876648, 0.9740837216377258, 0.9128456711769104]","['alternative-cures', 'case-reporting', 'treatment', 'variants', 'prevention-individual', 'prevention-collective']","[0.9958221316337585, 0.9984734654426575, 0.9128456711769104, 0.983138918876648, 0.9986148476600647, 0.9740837216377258]"
35bd01c9-750c-4b5c-8c0a-4cd77a22f234,"46 YEARS OF EXCRUCIATING PAIN GONE! This is the glorious moment four decades of terrible pain came to an end in one supernatural encounter... Gabriella from Hungary had lived a life of tortuous pain, emanating from tuberculosis of the spine. Her days started in tears due to severe pain in her legs, hips and spine as a result of the ailment, which had defied all medical treatment. Be blessed as you witness the miraculous encounter at The Synagogue, Church Of All Nations (SCOAN) in Lagos, Nigeria which replaced her tears of pain with tears of joy! ""Jesus never stops giving us reasons to praise His holy name."" - TB Joshua | This is the glorious moment four decades of terrible pain came to an end in one supernatural encounter... Gabriella from Hungary had lived a life of tortuous... | 46 YEARS OF EXCRUCIATING PAIN GONE!",['religious-practices'],"['prevention-individual', 'religious-practices', 'case-reporting', 'alternative-cures', 'symptoms-severity', 'religious-practices', 'stigmatization']","[0.9982349872589111, 0.9979873895645142, 0.9963977336883545, 0.9779229760169983, 0.9656224250793457, 0.9218165278434753, 0.8142267465591431]","['stigmatization', 'alternative-cures', 'symptoms-severity', 'case-reporting', 'prevention-individual']","[0.8142267465591431, 0.9779229760169983, 0.9656224250793457, 0.9963977336883545, 0.9982349872589111]"
6a43fb69-5e35-4dd5-8def-040c543c07c7, | Q.The mosquito that transmit malaria? Anopheles Culex Aedes Mansonia,,"['rfi', 'rfi', 'prevention-individual', 'stigmatization', 'variants']","[0.9939647316932678, 0.978196382522583, 0.8442093133926392, 0.8405029773712158, 0.8207758069038391]","['stigmatization', 'rfi', 'variants', 'prevention-individual']","[0.8405029773712158, 0.9939647316932678, 0.8207758069038391, 0.8442093133926392]"
3efdad7a-0aac-4295-9e73-9ec30cea6cf6,COVID Is Back And It's Deadlier Than Before; Wear Double Face Masks ‚ÄîNigerian Hospital Memo Reveals | Sahara Reporters https://bit.ly/3qLZyff:=:https://saharareporters.com/2023/08/25/covid-back-and-its-deadlier-wear-double-face-masks-nigerian-hospital-memo-reveals | Photos from Sahara Reporters's post,"['conspiracy', 'rfi']","['prevention-individual', 'stigmatization', 'prevention-individual', 'symptoms-severity', 'prevention-individual', 'case-reporting', 'rfi', 'medical-exploitation', 'prevention-individual', 'variants', 'media-bias']","[0.9984531998634338, 0.9770825505256653, 0.9767939448356628, 0.9751501083374023, 0.969345211982727, 0.9487073421478271, 0.9352322220802307, 0.9220038056373596, 0.9114689230918884, 0.9067974090576172, 0.8565718531608582]","['stigmatization', 'media-bias', 'medical-exploitation', 'symptoms-severity', 'case-reporting', 'prevention-individual', 'variants']","[0.9770825505256653, 0.8565718531608582, 0.9220038056373596, 0.9751501083374023, 0.9487073421478271, 0.9984531998634338, 0.9067974090576172]"
2edf9942-1284-4f9d-ad6b-00785c37edaf,"Di¬ßturbing video of an HIV positive lady disclosing what she will do to the opposite g¬£nder in Ikorodu, Lagos",['stigmatization'],"['stigmatization', 'case-reporting', 'rfi', 'prevention-individual', 'variants', 'medical-exploitation', 'conspiracy', 'media-bias', 'prevention-individual', 'conspiracy', 'alternative-cures', 'symptoms-severity', 'rfi', 'variants', 'bioweapon', 'medical-exploitation', 'corruption', 'corruption', 'alternative-cures']","[0.9955723285675049, 0.9939354658126831, 0.9929743409156799, 0.9885274171829224, 0.9832876324653625, 0.9821559190750122, 0.9791918396949768, 0.9761457443237305, 0.9746963977813721, 0.9708111882209778, 0.9693725109100342, 0.9617534279823303, 0.9344881176948547, 0.8795889616012573, 0.8795469403266907, 0.8558196425437927, 0.8436815142631531, 0.8341160416603088, 0.8338026404380798]","['media-bias', 'alternative-cures', 'medical-exploitation', 'symptoms-severity', 'rfi', 'case-reporting', 'conspiracy', 'variants', 'prevention-individual', 'bioweapon', 'corruption']","[0.9761457443237305, 0.9693725109100342, 0.9821559190750122, 0.9617534279823303, 0.9929743409156799, 0.9939354658126831, 0.9791918396949768, 0.9832876324653625, 0.9885274171829224, 0.8795469403266907, 0.8436815142631531]"
ded0368c-5cf5-4df0-a20f-4aa7eb1f3ffa, | Papa why are u telling everybody that u have HIV AIOS instead of cancer? Well because don't want anybody to touch ur mother after my death Spyplaprar,['stigmatization'],"['conspiracy', 'rfi', 'conspiracy', 'stigmatization', 'medical-exploitation', 'variants', 'media-bias', 'media-bias', 'prevention-collective', 'alternative-cures', 'prevention-individual', 'case-reporting', 'variants', 'corruption', 'corruption', 'rfi', 'prevention-individual', 'prevention-individual', 'symptoms-severity', 'corruption', 'alternative-cures']","[0.9969313740730286, 0.9966440796852112, 0.99619460105896, 0.9957398176193237, 0.9934723377227783, 0.9852904677391052, 0.9825027585029602, 0.9789730310440063, 0.9781389832496643, 0.9715820550918579, 0.9693647027015686, 0.9677165150642395, 0.9655517339706421, 0.9522814750671387, 0.9512097239494324, 0.9469306468963623, 0.9395843744277954, 0.9357841610908508, 0.8517298698425293, 0.8177890181541443, 0.8054067492485046]","['media-bias', 'alternative-cures', 'medical-exploitation', 'symptoms-severity', 'rfi', 'conspiracy', 'case-reporting', 'variants', 'prevention-individual', 'corruption', 'prevention-collective']","[0.9825027585029602, 0.9715820550918579, 0.9934723377227783, 0.8517298698425293, 0.9966440796852112, 0.9969313740730286, 0.9677165150642395, 0.9852904677391052, 0.9693647027015686, 0.9522814750671387, 0.9781389832496643]"
6be8211d-33aa-4b88-a245-6828cb58fb4f,‚ÄúI Am HIV Positive And I Will Spread It Round Lagos‚Äù ‚Äî Nigerian Lady Resident In Ikorodu Vows | #IgbereTV,"['symptoms-severity', 'media-bias']","['conspiracy', 'stigmatization', 'symptoms-severity', 'prevention-individual', 'rfi', 'case-reporting', 'medical-exploitation', 'conspiracy', 'variants', 'variants', 'media-bias', 'bioweapon', 'religious-practices']","[0.9934290051460266, 0.9931034445762634, 0.9912367463111877, 0.9897060990333557, 0.9895001649856567, 0.9878302812576294, 0.9866583943367004, 0.9856298565864563, 0.9794636964797974, 0.9709619283676147, 0.9493776559829712, 0.9470968246459961, 0.8797670006752014]","['stigmatization', 'medical-exploitation', 'rfi', 'case-reporting', 'conspiracy', 'prevention-individual', 'variants', 'bioweapon', 'religious-practices']","[0.9931034445762634, 0.9866583943367004, 0.9895001649856567, 0.9878302812576294, 0.9934290051460266, 0.9897060990333557, 0.9794636964797974, 0.9470968246459961, 0.8797670006752014]"
17897e20-b639-4e43-affd-4cb364576606,"DID YOU KNOW? ( 7 WONDERFUL FOOD KNOWLEDGE ) ‚ûñ‚ûñ‚ûñ‚ûñ‚ûñ‚ûñ‚ûñ‚ûñ‚ûñ‚ûñ‚ûñ‚ûñ‚ûñ‚ûñ 1. A company in Taiwan makes Dinnerware (plate) out of Wheat, so you can eat your plate after you are done with your meal. (Great initiative) 2. You can eat 24 karat Gold without falling ill. As pure Gold is chemically inert (inactive), it will pass through the body and will get eliminated as waste. (Great scientific knowledge) 3. Joe Metheny, the in famous serial killer from Baltimore, not only cooked his victims to eat himself, he also made Burgers with their remains and sold them to unsuspecting customers from a roadside food stand. (Very horrible and shocking) 4. If you make Ice Cubes with Tap water, they will be white, and if you use Boiled water, it will be transparent. (Wonderful knowledge) 5. The Ice Cream you see in ""ice cream"" advertisement (ads) is actually mashed potatoes, because they will not melt during the production. (Wonderful idea) 6. A new study said that the bacteria that cause decay, acne, tuberculosis and leprosy can be killed off by eating cashews. (Wonderful research) 7. Subway (An American fast food restaurant) is offering lifetime free sandwiches, if you change your name to ""Subway"". (Great initiative) | SUBWAY Subway is offering Lifetime Free Sandwiches if you change your name to ""Subway"". | Photos from Research and Creative Kitchen's post",['alternative-cures'],"['prevention-individual', 'prevention-individual', 'conspiracy', 'variants', 'prevention-collective', 'bioweapon', 'case-reporting', 'stigmatization', 'rfi', 'alternative-cures', 'symptoms-severity', 'medical-exploitation', 'media-bias']","[0.9984763860702515, 0.9924795627593994, 0.9819552302360535, 0.9763348698616028, 0.9562478065490723, 0.9470239877700806, 0.936858057975769, 0.91802579164505, 0.9170247316360474, 0.9143919348716736, 0.8931829929351807, 0.8789106607437134, 0.8142009377479553]","['stigmatization', 'media-bias', 'medical-exploitation', 'symptoms-severity', 'bioweapon', 'conspiracy', 'case-reporting', 'variants', 'prevention-individual', 'rfi', 'prevention-collective']","[0.91802579164505, 0.8142009377479553, 0.8789106607437134, 0.8931829929351807, 0.9470239877700806, 0.9819552302360535, 0.936858057975769, 0.9763348698616028, 0.9984763860702515, 0.9170247316360474, 0.9562478065490723]"
4455532f-ad4e-4d18-a175-3c7f12c01b0f,"End to malaria, typhoid and hapatitis B 08120004412",['alternative-cures'],"['variants', 'treatment', 'prevention-collective', 'alternative-cures', 'prevention-individual', 'stigmatization', 'vaccine-efficacy', 'case-reporting', 'alternative-cures', 'rfi', 'medical-exploitation', 'medical-exploitation']","[0.9722384810447693, 0.958644449710846, 0.941261887550354, 0.9355580806732178, 0.9210923910140991, 0.9080124497413635, 0.83688884973526, 0.8351269960403442, 0.8307977914810181, 0.8242484331130981, 0.8104334473609924, 0.8036189079284668]","['stigmatization', 'medical-exploitation', 'case-reporting', 'rfi', 'treatment', 'prevention-individual', 'variants', 'vaccine-efficacy', 'prevention-collective']","[0.9080124497413635, 0.8104334473609924, 0.8351269960403442, 0.8242484331130981, 0.958644449710846, 0.9210923910140991, 0.9722384810447693, 0.83688884973526, 0.941261887550354]"
65594eba-c64b-4a2e-9ede-dbde09df4007,"Pineapple is sweet and tangy, but do you know that it also offers a host of health benefits? In this writeup, I'll explore 7 ways that eating pineapple can be good for your body. #1 Pineapple is rich in Nutrients especially Vit B6 and Vit C #2 Pineapple contains bromelain, an enzyme that has anti-inflammatory properties. This can be beneficial for conditions like arthritis, asthma, and other inflammatory conditions. #3 Consuming Pineapple eases symptoms of digestive issues like bloating, constipation, and diarrhea. #4 Pineapple boosts the immune system because it is super rich in Vitamin C. #5 Pineapple contains beta-carotene, a nutrient that is essential for good eye health. Beta-carotene is converted into vitamin A in the body, which is necessary for maintaining healthy eyesight. #6 Aids weight loss because it is low in calories and high in fiber. #7 Pineapple may reduce your risk of cancer. The antioxidants and enzymes in it can help protect against cancer by reducing inflammation and cell damage caused by free radicals. Extra: Pineapple speeds up recovery after surgery In conclusion, eating pineapple is not only a delicious way to satisfy your sweet tooth, but it can also offer a range of health benefits. You may seriously want to consider adding it to your diet.","['prevention-individual', 'alternative-cures']","['prevention-individual', 'treatment', 'prevention-individual', 'prevention-collective', 'rfi', 'alternative-cures']","[0.9974459409713745, 0.9807804226875305, 0.9610688090324402, 0.9233789443969727, 0.8235494494438171, 0.8113902807235718]","['prevention-collective', 'rfi', 'treatment']","[0.9233789443969727, 0.8235494494438171, 0.9807804226875305]"
71fda558-673a-4ada-a406-5efb4521b649,"Remember this declaration I made ""God will turn you- an ordinary person to a person of royalty. You will live and see the end of the virus"". We saw Covid-19 and we are still here. Therefore, every setback shall set you up for a miracle.",['religious-practices'],"['religious-practices', 'prevention-individual', 'variants', 'religious-practices', 'stigmatization', 'case-reporting', 'prevention-individual', 'rfi', 'medical-exploitation', 'prevention-collective', 'alternative-cures', 'prevention-individual', 'symptoms-severity']","[0.9984644055366516, 0.9856526851654053, 0.9713113903999329, 0.9476683735847473, 0.9474092721939087, 0.9118615388870239, 0.8956339359283447, 0.8819342255592346, 0.8654781579971313, 0.8602043986320496, 0.8587280511856079, 0.8338133096694946, 0.8070106506347656]","['stigmatization', 'alternative-cures', 'medical-exploitation', 'symptoms-severity', 'case-reporting', 'rfi', 'variants', 'prevention-individual', 'prevention-collective']","[0.9474092721939087, 0.8587280511856079, 0.8654781579971313, 0.8070106506347656, 0.9118615388870239, 0.8819342255592346, 0.9713113903999329, 0.9856526851654053, 0.8602043986320496]"
c1d06261-f158-4ef1-af00-39fe328101d7,You have no AIDS‚ùå You have no Cancer‚ùå You have no Diabetes‚ùå You have no Disability‚ùå Why don't you tell God thanksü•∫üôèüíØ,,"['prevention-individual', 'rfi', 'prevention-individual', 'religious-practices', 'medical-exploitation', 'alternative-cures', 'prevention-collective', 'rfi', 'stigmatization', 'alternative-cures']","[0.9914639592170715, 0.9793002009391785, 0.9662058353424072, 0.9578769207000732, 0.9146308302879333, 0.8934835195541382, 0.8893553018569946, 0.8804222941398621, 0.855731189250946, 0.8192660808563232]","['medical-exploitation', 'stigmatization', 'rfi', 'alternative-cures', 'prevention-individual', 'prevention-collective', 'religious-practices']","[0.9146308302879333, 0.855731189250946, 0.9793002009391785, 0.8934835195541382, 0.9914639592170715, 0.8893553018569946, 0.9578769207000732]"
70e553e0-b36a-458a-a1bb-5524808ea4c5,"INFLAMMATORY DISEASES SUFFERERS üëáüëáüëá 1. Asthma 2. Ulcer 3. Arthritis 4. Bronchitis 5. Pneumonia 6. Hemorrhoids/piles 7. Tuberculosis, etc Can I walk us across this bridge, Africans? We are going to put our hands in mine and am going to walk us out of this captivity, across this bridge. What do you need to do? 1. Trace the wrong lifestyles you practise 2. Stop them 3. Detoxification 4. Never return to your vomit For Nigerians, Get your turmeric from hausa men, in your local market ( avoid packaged turmeric please ). Watch video for remaining details. If you need Ndcl's guidance on your healing journey, from beginning to the end, my consultant Chike, is waiting for you on whatsapp via the WhatsApp button attached to this post ( not free this time please ).",['alternative-cures'],"['prevention-individual', 'rfi', 'medical-exploitation', 'prevention-collective', 'rfi', 'alternative-cures', 'prevention-individual', 'variants', 'stigmatization', 'alternative-cures', 'alternative-cures', 'case-reporting', 'symptoms-severity', 'prevention-collective', 'bioweapon', 'religious-practices', 'media-bias']","[0.9985966682434082, 0.9980562925338745, 0.9972134232521057, 0.9963819980621338, 0.9959135055541992, 0.9936436414718628, 0.9871892929077148, 0.9792510867118835, 0.9715372920036316, 0.9681598544120789, 0.9405267238616943, 0.9335259199142456, 0.9057167172431946, 0.8812937140464783, 0.8728105425834656, 0.8549700379371643, 0.8205631971359253]","['stigmatization', 'media-bias', 'medical-exploitation', 'symptoms-severity', 'rfi', 'case-reporting', 'bioweapon', 'prevention-individual', 'variants', 'prevention-collective', 'religious-practices']","[0.9715372920036316, 0.8205631971359253, 0.9972134232521057, 0.9057167172431946, 0.9980562925338745, 0.9335259199142456, 0.8728105425834656, 0.9985966682434082, 0.9792510867118835, 0.9963819980621338, 0.8549700379371643]"
8a3f2d40-10b6-4044-867e-13bd26023ff7,"Caregivers play a crucial role in preventing and treating malaria. By using insecticide-treated bed nets and seeking prompt medical attention for fever cases, caregivers can protect their families from malaria. Sleep inside a mosquito net every night to prevent malaria. #ZeroMalariaStartsWithMe #ActNow #ActAgainstMalaria | Photos from Breakthrough ACTION-Nigeria's post",['prevention-individual'],"['prevention-individual', 'prevention-collective', 'alternative-cures', 'rfi', 'prevention-individual', 'rfi', 'bioweapon', 'bioweapon', 'capacity', 'alternative-cures', 'case-reporting', 'religious-practices', 'alternative-cures', 'symptoms-severity', 'treatment']","[0.9971200823783875, 0.9966109395027161, 0.995726466178894, 0.99373459815979, 0.9934984445571899, 0.9875612854957581, 0.9744164347648621, 0.9247264266014099, 0.8666307926177979, 0.8596009016036987, 0.8595409393310547, 0.843351423740387, 0.8388970494270325, 0.8320708274841309, 0.804709792137146]","['alternative-cures', 'symptoms-severity', 'rfi', 'bioweapon', 'case-reporting', 'capacity', 'treatment', 'prevention-collective', 'religious-practices']","[0.995726466178894, 0.8320708274841309, 0.99373459815979, 0.9744164347648621, 0.8595409393310547, 0.8666307926177979, 0.804709792137146, 0.9966109395027161, 0.843351423740387]"
bd15b800-2633-428b-81e0-be0f5b716210,"He said they did about five tests.. The post is for an HIV patient. | Why not try another hospital 13:29 At least 3 tests and see 11:29ÔøΩ We tested about five times, all showed the same You 13:32 Where do I find her? By God, I don't know.. and I don't suspect her truth. 13:33 The power of God 14:12‚úì Then God is a gift 14:12‚úì",,"['rfi', 'religious-practices', 'rfi', 'case-reporting', 'prevention-individual', 'prevention-individual', 'alternative-cures', 'variants', 'prevention-collective', 'alternative-cures', 'stigmatization', 'medical-exploitation']","[0.9975783824920654, 0.9974634647369385, 0.9949873685836792, 0.994459331035614, 0.9894917011260986, 0.9318897128105164, 0.9294549226760864, 0.913377583026886, 0.8824297785758972, 0.880445122718811, 0.8538597226142883, 0.801730215549469]","['stigmatization', 'alternative-cures', 'medical-exploitation', 'case-reporting', 'rfi', 'prevention-individual', 'variants', 'prevention-collective', 'religious-practices']","[0.8538597226142883, 0.9294549226760864, 0.801730215549469, 0.994459331035614, 0.9975783824920654, 0.9894917011260986, 0.913377583026886, 0.8824297785758972, 0.9974634647369385]"
0018ce60-d0cf-4429-885b-3073821fcd6e,"Actually, the term ‚Äútoilet infection‚Äù or ‚Äútoilet disease‚Äù is non-medical. It is a layman‚Äôs word to describe the burning sensation, itching and foul smelling discharges associated with vulvovaginitis. It is termed ‚Äútoilet infection‚Äù because people believe it originates from the use of dirty toilets but this is not true. What is called ‚ÄúToilet infection‚Äù is actually VULVAVAGINITIS; and it presents in different forms including, candidiasis, trichomoniasis, bacteria vaginitis, gonorrhea, clamydia, childbirth allergic reactions, viruses like HPV etc Don't blame the toilet! The key culprits are pH imbalance, reduced estrogen levels after menopause and habits like having multiple sex partners or not using condoms, improper washing or wearing of damp underwear etc Let's shift our focus to healthier practices for a happier, more comfortable life. Good morning friends! üåü #VaginaHealth #HealthyHabits #WellnessJourney #askpharmedward | ‚Äé'‚Äé1-1 Lefure knhing thatDirng ŸÑ ·ü¢ Ask Pharm. Edward @AskPharmEdwarc There is nothing like Toilet infection! R FOLLOW Ask Pharm. kPharm.Edward Edward‚Äé'‚Äé","['symptoms-severity', 'prevention-individual']","['rfi', 'stigmatization', 'variants', 'symptoms-severity', 'prevention-individual', 'rfi']","[0.9966198801994324, 0.9861477613449097, 0.958042323589325, 0.9409789443016052, 0.9154979586601257, 0.8288247585296631]","['stigmatization', 'rfi', 'variants']","[0.9861477613449097, 0.9966198801994324, 0.958042323589325]"
33207838-0dcf-49b7-8c6a-487c966965c5,"Who will tell us why this student fell from hearing this news? | A student at the university cut her body and fainted after she got the news that her teacher was killed by AIDS. The student, who is believed to be the teacher's girlfriend, said after learning that. The teacher is infected with HIV. | How a university student fell to the ground after learning that her teacher had HIV - APA Hausa",['stigmatization'],"['rfi', 'rfi', 'case-reporting', 'prevention-individual', 'stigmatization', 'conspiracy', 'variants', 'bioweapon', 'symptoms-severity', 'medical-exploitation', 'media-bias', 'bioweapon']","[0.9980904459953308, 0.9966621398925781, 0.9962583184242249, 0.9864220023155212, 0.9847168326377869, 0.9723548293113708, 0.9683483242988586, 0.9659078121185303, 0.9637652039527893, 0.9216051697731018, 0.879218339920044, 0.8719688057899475]","['media-bias', 'medical-exploitation', 'symptoms-severity', 'case-reporting', 'rfi', 'conspiracy', 'prevention-individual', 'variants', 'bioweapon']","[0.879218339920044, 0.9216051697731018, 0.9637652039527893, 0.9962583184242249, 0.9980904459953308, 0.9723548293113708, 0.9864220023155212, 0.9683483242988586, 0.9659078121185303]"
233498d2-f7ff-427c-98aa-1afc83f94478,"People eating animal skin popularly called kpomo are vulnerable to anthrax and other zoonotic ailments. | People eating animal skin popularly called kpomo are vulnerable to anthrax and other zoonotic ailments. Aja Nnadi, a veterinarian and retired professor of | Eating 'Kpomo' Dangerous To Health, Expert Cautions Nigerians ‚Äì The Whistler Newspaper",['symptoms-severity'],"['prevention-individual', 'rfi', 'rfi', 'alternative-cures', 'variants', 'stigmatization', 'case-reporting', 'medical-exploitation', 'symptoms-severity', 'conspiracy', 'bioweapon', 'media-bias']","[0.9967222213745117, 0.9947170615196228, 0.9936263561248779, 0.9714457392692566, 0.9521890878677368, 0.9393540024757385, 0.9354637265205383, 0.9348596334457397, 0.9080536961555481, 0.8725645542144775, 0.8693214654922485, 0.8525980710983276]","['stigmatization', 'media-bias', 'alternative-cures', 'medical-exploitation', 'rfi', 'case-reporting', 'conspiracy', 'variants', 'prevention-individual', 'bioweapon']","[0.9393540024757385, 0.8525980710983276, 0.9714457392692566, 0.9348596334457397, 0.9947170615196228, 0.9354637265205383, 0.8725645542144775, 0.9521890878677368, 0.9967222213745117, 0.8693214654922485]"
df1f78dd-b8a5-4b24-910b-bea6e818c80c,"Please help if you can! | 9:00 AM Assalamualaikum I'm sleeping and working pls hide my ID. Son of God, ask my classmates if there are people with hepatitis B who took some medicine and got cured or if it is because they are not cured. I'm so tired of taking medicines from European to traditional medicine. pls keep me anonymous. Thank you","['rfi', 'treatment', 'alternative-cures']","['rfi', 'rfi', 'stigmatization', 'variants', 'case-reporting', 'religious-practices', 'medical-exploitation', 'alternative-cures', 'alternative-cures', 'prevention-individual', 'prevention-individual', 'conspiracy', 'treatment', 'prevention-collective', 'religious-practices', 'media-bias', 'corruption', 'treatment', 'symptoms-severity', 'capacity', 'corruption']","[0.9991616606712341, 0.9981418251991272, 0.9909763336181641, 0.9900895357131958, 0.9884463548660278, 0.9864345192909241, 0.9851892590522766, 0.9829201102256775, 0.9824805855751038, 0.9652082920074463, 0.9519889950752258, 0.9500775337219238, 0.9468820095062256, 0.9374867081642151, 0.931526780128479, 0.9159364700317383, 0.9132208824157715, 0.913192093372345, 0.9080270528793335, 0.890106201171875, 0.8494559526443481]","['stigmatization', 'media-bias', 'medical-exploitation', 'symptoms-severity', 'case-reporting', 'conspiracy', 'variants', 'prevention-individual', 'capacity', 'corruption', 'prevention-collective', 'religious-practices']","[0.9909763336181641, 0.9159364700317383, 0.9851892590522766, 0.9080270528793335, 0.9884463548660278, 0.9500775337219238, 0.9900895357131958, 0.9652082920074463, 0.890106201171875, 0.9132208824157715, 0.9374867081642151, 0.9864345192909241]"
002ec807-e35a-44a3-aaab-4229c6d5a577,"Hi good evening ma I have an issues.. A guy messed with me, because I was so emotional attached to him.. so he used that as an opportunity to get his way.. when he came visiting After everything, he said he's not ready for relationship Okay.. here's the gist, I bought a positive hiv blood, prepared it with his meals which i gave it to him, and he ate.. I don't know if he has been affected already But I feel very bad for my actions now What can i do to solve this matter now Please hide my identity",['rfi'],"['rfi', 'stigmatization', 'prevention-individual', 'case-reporting', 'medical-exploitation', 'rfi', 'prevention-individual', 'conspiracy', 'conspiracy', 'variants']","[0.9985840916633606, 0.9953857660293579, 0.9937487244606018, 0.9908696413040161, 0.9903293251991272, 0.9503594636917114, 0.9290222525596619, 0.8822575211524963, 0.8408515453338623, 0.816898763179779]","['stigmatization', 'medical-exploitation', 'case-reporting', 'conspiracy', 'prevention-individual', 'variants']","[0.9953857660293579, 0.9903293251991272, 0.9908696413040161, 0.8822575211524963, 0.9937487244606018, 0.816898763179779]"
ee800fb3-6fdc-409e-a978-e781a616afec,"Cold don enter my body!ü•∂ | send me anonymous messages! Untamed saw your post about sugar daddies. I'm a Jos girl, schooling in KD. My test results came in yesterday and I'm HIV positive. The thing is I had sex with a married man in KD, he's popular, you might know him. How do I tell him so he does not infect his wife too? Help me. I'm depressed.",['symptoms-severity'],"['rfi', 'rfi', 'case-reporting', 'prevention-individual', 'prevention-individual', 'stigmatization', 'medical-exploitation', 'variants', 'conspiracy', 'symptoms-severity', 'media-bias', 'conspiracy', 'variants', 'prevention-collective', 'bioweapon', 'religious-practices']","[0.9990732669830322, 0.9979976415634155, 0.9957460761070251, 0.995012104511261, 0.9938070178031921, 0.9933351874351501, 0.9904989004135132, 0.9769600033760071, 0.9741197824478149, 0.9707275032997131, 0.96137535572052, 0.9471896290779114, 0.9445006847381592, 0.9304642677307129, 0.8464208245277405, 0.8447874784469604]","['stigmatization', 'media-bias', 'medical-exploitation', 'case-reporting', 'rfi', 'conspiracy', 'prevention-individual', 'variants', 'bioweapon', 'prevention-collective', 'religious-practices']","[0.9933351874351501, 0.96137535572052, 0.9904989004135132, 0.9957460761070251, 0.9990732669830322, 0.9741197824478149, 0.995012104511261, 0.9769600033760071, 0.8464208245277405, 0.9304642677307129, 0.8447874784469604]"
4e964ead-99e2-4f87-a137-a23efa6e1672,"May God keep protecting us in Jesus name. | Some Warri kids were asked to write down 3 deadly diseases. One boy wrote: 1. AIDS 2.Cancer 3./ Teacher: What disease is this/? I? Student: Shuo, you nor know stroke again?",,"['rfi', 'rfi', 'religious-practices', 'stigmatization', 'variants', 'case-reporting', 'prevention-individual', 'medical-exploitation', 'prevention-individual']","[0.9983499646186829, 0.9975000023841858, 0.9918996691703796, 0.9838765263557434, 0.9836571216583252, 0.9641950130462646, 0.9414183497428894, 0.9016309380531311, 0.887937605381012]","['medical-exploitation', 'stigmatization', 'rfi', 'case-reporting', 'variants', 'prevention-individual', 'religious-practices']","[0.9016309380531311, 0.9838765263557434, 0.9983499646186829, 0.9641950130462646, 0.9836571216583252, 0.9414183497428894, 0.9918996691703796]"
45fa2914-04da-408e-876e-eb31f44c3ffd,"The devulll has a way of working. Pesin will just be going their way, minding their business, focusing on life and subsidy removal... And boom! A fine boy will appear to turn their head oniniown ü•∫ Dear Doctor Ehi, for your sake, I wan dey get malaria everyday ü•∫ü•∫ü•∫ü•∫üò´üò´üò´üò´üò´ | Photos from Eshi Ayo's post",,"['rfi', 'stigmatization', 'rfi', 'prevention-individual', 'medical-exploitation', 'corruption', 'conspiracy', 'variants', 'case-reporting', 'symptoms-severity', 'religious-practices', 'alternative-cures', 'capacity', 'media-bias', 'corruption']","[0.993689239025116, 0.9932453036308289, 0.9921832084655762, 0.9774284362792969, 0.9687737226486206, 0.9587709903717041, 0.9487050175666809, 0.9355066418647766, 0.9172914028167725, 0.8852292895317078, 0.8658928275108337, 0.8646837472915649, 0.8438349962234497, 0.8290460109710693, 0.8100622296333313]","['stigmatization', 'media-bias', 'alternative-cures', 'medical-exploitation', 'symptoms-severity', 'rfi', 'conspiracy', 'case-reporting', 'prevention-individual', 'variants', 'capacity', 'corruption', 'religious-practices']","[0.9932453036308289, 0.8290460109710693, 0.8646837472915649, 0.9687737226486206, 0.8852292895317078, 0.993689239025116, 0.9487050175666809, 0.9172914028167725, 0.9774284362792969, 0.9355066418647766, 0.8438349962234497, 0.9587709903717041, 0.8658928275108337]"
dbc23516-059e-4e24-9e3a-d9db7ce1b9e8,These 7 diseases & conditions will leave you and your family gene TONIGHT as I TACKLE THIS NIGHT AGAIN IN PRYAER 1. High blood pressure and diabetes 2. Liver disease 3. Hiv/AIDS 4. chronic poverty syndrome 5. Mental depression and insanity 6. Barrenness and infertility 7. Terrible and unsolvable infections and inflammation,"['alternative-cures', 'religious-practices']","['stigmatization', 'medical-exploitation', 'prevention-individual', 'variants', 'corruption', 'prevention-individual', 'symptoms-severity', 'rfi', 'case-reporting', 'bioweapon', 'rfi']","[0.97782963514328, 0.9463395476341248, 0.94359290599823, 0.9228427410125732, 0.9169281721115112, 0.9000468254089355, 0.8974863290786743, 0.8901311159133911, 0.8432520627975464, 0.83611661195755, 0.8282298445701599]","['stigmatization', 'medical-exploitation', 'symptoms-severity', 'rfi', 'case-reporting', 'bioweapon', 'variants', 'prevention-individual', 'corruption']","[0.97782963514328, 0.9463395476341248, 0.8974863290786743, 0.8901311159133911, 0.8432520627975464, 0.83611661195755, 0.9228427410125732, 0.94359290599823, 0.9169281721115112]"
cdb43c91-ae8b-46d8-a8ba-79bd19c83fa2,"BODILY BURDEN OF SEVEN YEARS LIFTED BY THE ANOINTING! On August 27, 2023, God Almighty manifested Himself powerfully in the life of Ngozi as she received prayer in The Arena Of Liberty. She had come to church using crutches and a lumbar corset, her body burdened by pain for the past seven years. For a long time, she kept using drugs and subjecting herself to all forms of treatment. Tired of trying to help herself, she had made her way to church in faith. ‚ÄúWhen the woman of God touched me, I felt something leave my body and since then I have not needed my walking aids,‚Äù Ngozi said while demonstrating her healing a week later. She advised people to take their issues to God. Her husband, Salvation, admitted his previous skepticism about miracles but glorified God for showing him the light. | Photos from TB Joshua Ministries's post","['religious-practices', 'alternative-cures']","['religious-practices', 'alternative-cures', 'prevention-individual', 'prevention-individual', 'case-reporting', 'rfi', 'religious-practices', 'rfi', 'symptoms-severity']","[0.9992001056671143, 0.9979349970817566, 0.9974318146705627, 0.9972803592681885, 0.9943803548812866, 0.9899618029594421, 0.9721125960350037, 0.9492681622505188, 0.9086301326751709]","['symptoms-severity', 'rfi', 'case-reporting', 'prevention-individual']","[0.9086301326751709, 0.9899618029594421, 0.9943803548812866, 0.9974318146705627]"
f8ad699e-5405-4473-b0e2-ff72536cd0eb,"Good evening sir pls post for me and hid my identity I really need advice my mother has been sick for Somthing only to later find out she is hiv positive so the hospital give her some drugs,so my boss where I work has been asking me what kind of sickness is wrong with my mother, which lied she has cancer,I am thire cook I cook for them and take care of their children,my family has told me I should not tell them that Dey will sack me You know the way all this big men behave I have to tell me boss is cancer which he told me last night that when I get home I should send him the drugs my mother use so he can at list help me get it I dnt know what to do the man and his wife has been a nice person to me he asked what kind of cancer I told him cancer of the lung which he was asking if my mother smoke I said no pls I am confused I dnt know which drugs to send to him","['treatment', 'stigmatization', 'symptoms-severity']","['rfi', 'rfi', 'case-reporting', 'stigmatization', 'media-bias', 'variants', 'medical-exploitation', 'religious-practices', 'corruption', 'treatment', 'prevention-individual', 'treatment', 'conspiracy', 'alternative-cures', 'prevention-individual', 'prevention-collective', 'media-bias', 'symptoms-severity', 'capacity', 'bioweapon', 'corruption', 'corruption', 'treatment']","[0.998511016368866, 0.9979405999183655, 0.9951778054237366, 0.9943718910217285, 0.9929823875427246, 0.992400050163269, 0.9921241402626038, 0.9909282922744751, 0.9908720254898071, 0.9848394989967346, 0.9842508435249329, 0.9823909997940063, 0.9769760966300964, 0.9726725220680237, 0.9718762636184692, 0.9514268040657043, 0.9368064999580383, 0.9278726577758789, 0.8864166736602783, 0.8689055442810059, 0.8591814041137695, 0.8411391973495483, 0.8112751245498657]","['media-bias', 'alternative-cures', 'medical-exploitation', 'case-reporting', 'conspiracy', 'variants', 'prevention-individual', 'bioweapon', 'prevention-collective', 'rfi', 'capacity', 'corruption', 'religious-practices']","[0.9929823875427246, 0.9726725220680237, 0.9921241402626038, 0.9951778054237366, 0.9769760966300964, 0.992400050163269, 0.9842508435249329, 0.8689055442810059, 0.9514268040657043, 0.998511016368866, 0.8864166736602783, 0.9908720254898071, 0.9909282922744751]"
e058b7a9-8a83-4320-a380-60702a900d6f,"Taking the HPV vaccine should be on your to-do list. WHY? The HPV vaccine helps in preventing against several strains of HPV that causes most cancers including Cervical Cancer and Genital Warts and is available across all our Medical centres. We have the Cervarix Vaccine for females only, Gardasil 4 and 9 for both males and females. Kindly visit any MSI Nigeria Medical Centres near you to get the HPV vaccines or call us for free on 08000022252 for further enquiries. Our locations üëá: SURULERE: 105, Itire Road, Lawanson Surulere, Lagos. LEKKI: No. 1, Alhaji Prince Raufu Ishola Lemomu St, Greenville Estate, Off Agungi-Ajiran Road, Lekki, Lagos. ABUJA: 29, Ekukinam Street Utako, Abuja. BENIN: 13, Aideyan street off Ihama road, GRA Benin-City PORT HARCOURT: 25, Nsirim Road, Off Ikwerre Road, Port Harcourt. #MarieStopesNigeria #msinigeria #mariestopes #familyplanning #reproductivehealth","['vaccine-efficacy', 'treatment', 'capacity', 'prevention-individual']","['rfi', 'vaccine-efficacy', 'treatment', 'prevention-collective', 'rfi', 'prevention-individual', 'variants', 'vaccine-efficacy', 'capacity', 'stigmatization', 'alternative-cures', 'symptoms-severity', 'bioweapon']","[0.9988073706626892, 0.995827853679657, 0.9958089590072632, 0.9932407736778259, 0.99161696434021, 0.9900496006011963, 0.9756135940551758, 0.9611342549324036, 0.9145458936691284, 0.906953752040863, 0.9012482166290283, 0.8954786062240601, 0.8201404213905334]","['stigmatization', 'alternative-cures', 'symptoms-severity', 'rfi', 'bioweapon', 'variants', 'prevention-collective']","[0.906953752040863, 0.9012482166290283, 0.8954786062240601, 0.9988073706626892, 0.8201404213905334, 0.9756135940551758, 0.9932407736778259]"
74af4a6e-c377-4b58-b1b5-082b6617f614,"Amen üôèüôèüôè | When Hannah got pregnant & started vomiting every morning, peninnah thought it was malaria. May your miracle confuse your Enemies!",,"['religious-practices', 'prevention-individual', 'symptoms-severity', 'prevention-individual', 'variants', 'case-reporting', 'rfi', 'alternative-cures', 'stigmatization', 'religious-practices', 'prevention-collective', 'religious-practices']","[0.9978657364845276, 0.9911293983459473, 0.9859213829040527, 0.9835116863250732, 0.9830931425094604, 0.9822712540626526, 0.9795963764190674, 0.9252074956893921, 0.8776033520698547, 0.8380354642868042, 0.8305792212486267, 0.8184975981712341]","['stigmatization', 'alternative-cures', 'symptoms-severity', 'case-reporting', 'rfi', 'variants', 'prevention-individual', 'prevention-collective', 'religious-practices']","[0.8776033520698547, 0.9252074956893921, 0.9859213829040527, 0.9822712540626526, 0.9795963764190674, 0.9830931425094604, 0.9911293983459473, 0.8305792212486267, 0.9978657364845276]"
8f587bbe-efff-4e40-a764-1bd9ef84aede,"Her name is Happiness, but unfortunately she has never known happiness in life until GOD used Apostle chibuzor OPM to rescued her. Because both parents died in the village, hunger step in. She has to travel from her village in Akwa ibom to port harcourt without knowing anyone in port harcourt. As she arrived port harcourt. No place to sleep. She has to start sleeping under bridge by Agip junction. That first night 2 young men raped her under the bridge with knife and she later became pregnant. So with her pregnancy, she kept on sleeping under the bridge with cold. One day GOD remembered her using Apostle chibuzor to rescue her with her pregnancy. After her rescue, she was taken to OPM free specialist hospital to register her for antenatal care . During her medical test it was discovered that she is HIV positive. Those boys has infected her. And her pregnancy was already 9 months and she has never visited any hospital before while she was sleeping under the bridge. So because she did not take any drug to prevent mother to child transmission, it was discovered her baby also has HIV. So today mother and daughter has been placed on antiretroviral drugs and they are doing very well. Many people don‚Äôt know that antiretroviral drugs ( HIV DRUGS ) are 100 % free in all government hospitals. Below picture is Apostle Chibuzor celebrating her daughters birthday. And she is getting healthy and healthy everyday. With prayers, drugs and good food I believe the HIV in blood will soon disappear. It‚Äôs not her fault that her mother was raped by HIV boys.","['treatment', 'capacity']","['treatment', 'treatment', 'prevention-collective', 'capacity', 'alternative-cures', 'religious-practices', 'religious-practices', 'bioweapon', 'alternative-cures', 'variants', 'prevention-collective', 'case-reporting', 'symptoms-severity', 'stigmatization', 'prevention-individual', 'bioweapon', 'rfi', 'vaccine-efficacy', 'rfi', 'prevention-individual', 'variants']","[0.9951391220092773, 0.9944978356361389, 0.9934704899787903, 0.9922358989715576, 0.990594208240509, 0.9905706644058228, 0.9876389503479004, 0.9805236458778381, 0.9805172681808472, 0.9771968126296997, 0.9598824977874756, 0.9569297432899475, 0.9553946256637573, 0.9193582534790039, 0.9166594743728638, 0.9007018804550171, 0.8925011157989502, 0.876588761806488, 0.8623969554901123, 0.8571507334709167, 0.8358584046363831]","['stigmatization', 'alternative-cures', 'symptoms-severity', 'bioweapon', 'case-reporting', 'variants', 'prevention-individual', 'rfi', 'vaccine-efficacy', 'prevention-collective', 'religious-practices']","[0.9193582534790039, 0.990594208240509, 0.9553946256637573, 0.9805236458778381, 0.9569297432899475, 0.9771968126296997, 0.9166594743728638, 0.8925011157989502, 0.876588761806488, 0.9934704899787903, 0.9905706644058228]"
0e799ea0-e30f-4fc3-8c83-b108d9a35f30,"FEDERAL MINISTRY OF HUMANITARIAN AFFAIRS AND POVERTY ALLEVIATION Date: 22nd August, 2023 PRESS RELEASE UNICEF TO COMMIT 270M USD TO INTEGRATE HUMANITARIAN RESPONSE AND EMERGENCIES IN NIGERIA The UNITED NATIONS CHILDREN‚ÄôS FUND (UNICEF) has assured the Honourable Minister of Humanitarian Affairs and Poverty Alleviation, Dr Betta Edu, of their commitment to support the Humanitarian Response and Poverty Alleviation with 270M USD. They said this when the Country Representative of UNICEF, Christian Mundate, lead the Chief of Health & HIV/AIDS, Eduardo Celades, to the Honourable Minister in her office in Abuja. The UNICEF Chief also assured the Honourable Minister of technical support to build capacity of the Ministry‚Äôs staff as well as support the development of a Humanitarian Response Protocol for Nigeria to guide all Humanitarian Actors as this will facilitate effective coordination. In addition, they will support the establishment of a National Humanitarian Situation Room or Humanitarian Emergency Operation Centre (H-EOC) to monitor, mitigate and prevent Humanitarian Emergencies and build resilience in the system. Responding, the Honourable Minister, Dr. Betta Edu, informed the delegation that the Federal Government of Bola Ahmed Tinubu, GCFR, is committed to lifting 133 Million poor Nigerians out of poverty in a phased approach; especially, the 71 Million extremely poor Nigerians who leave under one dollar ninety-five cents a day. She charged UNICEF to also draw up plans towards supporting the FG on poverty alleviation. ‚ÄùTime is of essence and we need to run at the speed of light to roll out social programs that will bring relieve to the burdens of the poor. Nigerians are eagerly waiting for full implementation of the renewed hope agenda, the time for intense action is now‚Äù. While she assured them of the commitment to transparency and accountability in all the processes of the Ministry, she told them that the engagement with partners like UNICEF Nigeria will continue until Government achieves its target. Rhoda Ishaku Iliya Deputy Director Information | Photos from Fed Min of Humanitarian Affairs, Disaster Management and Social Development's post",['capacity'],"['corruption', 'rfi', 'prevention-collective', 'prevention-individual', 'symptoms-severity', 'bioweapon', 'stigmatization']","[0.9821983575820923, 0.9790096879005432, 0.9408000707626343, 0.9331123232841492, 0.9248140454292297, 0.8554031252861023, 0.8331714272499084]","['stigmatization', 'symptoms-severity', 'rfi', 'bioweapon', 'prevention-individual', 'corruption', 'prevention-collective']","[0.8331714272499084, 0.9248140454292297, 0.9790096879005432, 0.8554031252861023, 0.9331123232841492, 0.9821983575820923, 0.9408000707626343]"
2941b262-852a-4d5f-bd16-39385cd5fc52,"Hajiya Naja'atu criticizes Tinubu, ECOWAS and France over the rise of war in Niger - Part 1 (Interview with Hajiya Naja'atu Bala Muhammad and Shuaibu Mungadi on Farin Wata TV Abuja) Here is the full video of her interview: üëâ https://youtu.be/4CGmiu2mc9U:=:https://www.youtube.com/watch?v=4CGmiu2mc9U ** * * EFFECTIVE HIV TREATMENT (HIV) Great medical center of Islam that is Kashful Aleel, they certainly give treatment for AIDS and it is cured, which there are many witnesses who confirm that this center provides HIV treatment. In Kano, there is one person in Maiduguri and many others who have recovered from this disease. Kashful Aleel Center is definitely providing effective treatment for HIV AIDS and it is being cured and many people have been cured from this disease. he designed these numbers below üëáüèª Call: 09032242359 Call: 09032242359 Click here to speak directly with Dr. Abdallah Yunus via WhatsApp on this number: http://Wa.me/+2347040305880 KASHFUL ALEEL ISLAMIC MEDICINE CENTER. | Hajiya Najaatu's opinion on Niger's coup - 01","['treatment', 'religious-practices']","['treatment', 'rfi', 'religious-practices', 'alternative-cures', 'prevention-individual', 'religious-practices', 'rfi', 'conspiracy', 'stigmatization', 'case-reporting', 'symptoms-severity', 'bioweapon', 'treatment', 'corruption', 'bioweapon', 'media-bias', 'variants']","[0.997563362121582, 0.9971888661384583, 0.9967156648635864, 0.9954193830490112, 0.994928240776062, 0.9941415190696716, 0.9919485449790955, 0.9836136698722839, 0.96547931432724, 0.9562357664108276, 0.9525679349899292, 0.9515295028686523, 0.9473233222961426, 0.9188540577888489, 0.8998851776123047, 0.8480007648468018, 0.8381314277648926]","['stigmatization', 'media-bias', 'alternative-cures', 'symptoms-severity', 'rfi', 'conspiracy', 'prevention-individual', 'case-reporting', 'bioweapon', 'variants', 'corruption']","[0.96547931432724, 0.8480007648468018, 0.9954193830490112, 0.9525679349899292, 0.9971888661384583, 0.9836136698722839, 0.994928240776062, 0.9562357664108276, 0.9515295028686523, 0.8381314277648926, 0.9188540577888489]"
e8057e1a-65cc-4871-bd5e-f6aa088cdcaf,"EFFECTIVE HIV DISEASE (HIV) MEDICATION The largest Islamic medical center that is Kashful Aleel, they certainly provide treatment for HIV and are cured, which there are many witnesses who confirm that this center provides HIV treatment. There are 3 people in Sokkoto who have recovered from HIV This disease is the reason for receiving their treatment, there are four people in Kano, there are 4 people in Bauchi, there is one person in Maiduguri and many others who have recovered from this disease. and it is being cured and many people have been cured from this disease, I pray to God. Anyone who wants to own this HIV drug should dial the following numbers üëáüèª Call: 09033335480 Call: 07040305880 Click here to speak directly with Dr. Abdallah Yunus via WhatsApp on this number: http://Wa.me/+2347040305880 KASHFUL ALEEL ISLAMIC MEDICINE CENTER. | May God guide me and you to the right path, and grant us repentance and forgiveness, before returning to Him. | Abdallah Amdaz","['treatment', 'religious-practices']","['religious-practices', 'rfi', 'alternative-cures', 'treatment', 'rfi', 'religious-practices', 'treatment', 'prevention-individual', 'case-reporting', 'prevention-collective', 'treatment', 'prevention-individual', 'stigmatization', 'bioweapon', 'symptoms-severity']","[0.9984228610992432, 0.9976171851158142, 0.9968684315681458, 0.9960370063781738, 0.9943513870239258, 0.9936877489089966, 0.9862480759620667, 0.9795089960098267, 0.9772005081176758, 0.9699380993843079, 0.9562976360321045, 0.9545259475708008, 0.9117270708084106, 0.8916155695915222, 0.8256129026412964]","['stigmatization', 'alternative-cures', 'symptoms-severity', 'rfi', 'case-reporting', 'bioweapon', 'prevention-individual', 'prevention-collective']","[0.9117270708084106, 0.9968684315681458, 0.8256129026412964, 0.9976171851158142, 0.9772005081176758, 0.8916155695915222, 0.9795089960098267, 0.9699380993843079]"
