id,text,themeIds,themeConfidence,themeIdsReviewedParent,predicted
f0fbe15a-5b61-442e-9d8f-743ba024b789,"HIV POSITIVE TURN TO NEGATIVE üî•üî• || JESUS IS SO REALüò≠üò≠üò≠üò≠üò≠üò≠ By _cfanuk - A woman who was once diagnosed with HIV attended the CfaN Gospel Crusade, where she was prayed for. Following the event she sought medical testing at three different clinicsand all the tests came back negative Many are celebrating this as a miraculous healing and giving thanks for what they believe is a sign of divine intervention. It's a remarkable story that has inspired joy and hope in those who hear it.... Amen. Spread this miracleous work of Jesus Christ üî• to bless others üôè #cfanuk #gospelliftchannel #miracles",[],[],['prevention-treatment-alternative'],
91be3b7e-d8b4-4f4b-8843-6c2e0b9bfb91,üá®üá≤üá®üá≤‚úäüèæ‚úäüèæüá®üá≤üá®üá≤‚úäüèæ‚úäüèæ Francis Nganou trained by Myke tyson Are you kidding with CAMEROON HUH It's going to heat up very badly üî¥Only the covid 19 vaccine can save us,[],[],['prevention-treatment-approved'],
f791b8d1-c146-48fd-b948-716a166005a8,Does not receiving the COVID 19 vaccine affect your daily interactions with the community? | COVID-19,[],[],['illness-cause'],
3df7e2f0-d2c4-464e-9ebb-32737061dca0,"NGETWA 3 Herbal Medicine. 
This is a HERBAL powder is for ""EVERYONE"" who want to prevent and get rid of
+256706152279 WhatsApp. 
+256778230223 
+256764174762 mtn number. 
üìå Allergies and Skin Disease
üìå Bones-Joins and Muscle Pains
üìå Malaria 
üìåKidney and Heart Diseases 
üìåRound worms 
üìåYellow Fever 
üìåDiarrhoea 
üìåFlu 
üìåPain while urinating 
üìåConstipation 
üìåTyphoid Fever 
üìåBronchitis and Throat Disease
üìåPeriod Pains
üìåHiccups
üìåHeartburn
üìåAsthma
üìåMeasles 
üìåMigraine Headaches, 
üìåWhooping Cough, 
üìåChicken Pox, Boils and Gastric Ulcers....just to mention a few
This powder is also a Natural Antibiotic, Antioxidant, Antifungal and it Enhances and boost your Body Immune System. 
To get more info online Google for Ngetwa 3 Herbal medicine
Delivery for those outside Uganda can be arranged",[],[],['prevention-treatment-alternative'],
9101c0f1-2f6b-4cd8-9927-b173f905ff9f,üî¥ It will no longer be mandatory for a person testing positive for Covid-19 to self-confine for a period of seven days. The duration will now be determined by a registered medical practitioner. Decision taken by the Council of Ministers this Friday. More info below:,[],[],"['illness-cause', 'prevention-treatment-approved']",
4459aa74-7c3f-4d83-8fd1-f2954468cb97,do I need a vaccine for HPV ,[],[],"['prevention-treatment-alternative', 'conspiracy-corruption', 'prevention-treatment-approved', 'prevention-treatment-approved']",
808d6c12-0967-43ea-be26-01b049171e3a,...It's like this CULTISM is also a scam ohü§î Cos how can malaria kill 001?üò© #Sweee!!,[],[],"['conspiracy-corruption', 'conspiracy-corruption']",
75e50965-4969-41e9-8f7a-5bd0c170117e,"New COVID Variants Ravaging South Korea, UK, Others, Caused 1800 Deaths In One Month ‚Äì WHO | Sahara Reporters https://bit.ly/3qVAwu7:=:https://saharareporters.com/2023/09/02/new-covid-variants-ravaging-south-korea-uk-others-caused-1800-deaths-one-month-who | World Health Organization",[],[],"['illness-cause', 'illness-cause']",
38435fa1-b36a-4137-9f18-17577b38586b,The COVID vaccine turns your hair blue,[],[],['prevention-treatment-approved'],
8af93253-1a4c-4909-8b3b-2ccb7b6c4dcb,Dogs vaccinated with rabies vaccine do not bark,[],[],['prevention-treatment-approved'],
cdb43c91-ae8b-46d8-a8ba-79bd19c83fa2,"BODILY BURDEN OF SEVEN YEARS LIFTED BY THE ANOINTING! On August 27, 2023, God Almighty manifested Himself powerfully in the life of Ngozi as she received prayer in The Arena Of Liberty. She had come to church using crutches and a lumbar corset, her body burdened by pain for the past seven years. For a long time, she kept using drugs and subjecting herself to all forms of treatment. Tired of trying to help herself, she had made her way to church in faith. ‚ÄúWhen the woman of God touched me, I felt something leave my body and since then I have not needed my walking aids,‚Äù Ngozi said while demonstrating her healing a week later. She advised people to take their issues to God. Her husband, Salvation, admitted his previous skepticism about miracles but glorified God for showing him the light. | Photos from TB Joshua Ministries's post",[],[],"['prevention-treatment-alternative', 'prevention-treatment-alternative']",
3d329175-0825-4573-bc3d-e01051aa588e,"Besides the popular Albishirin Ku drama, which we air in Bauchi, Kebbi, and Sokoto States, and the Federal Capital Territory, Breakthrough ACTION Nigeria also supports the production of health programs on our partner radio stations, to make them more educative, informative, and entertaining and spurring social and behavior change. We do this by empowering producers of these programs on modern radio production techniques during quarterly review meetings and linking them up with resource persons in government agencies, health facilities, and professional associations. On one such occasion, producers of the seven supported programs on the three partner radio stations in Bauchi State (Albarka Radio, BRC Bauchi, and Globe FM) converged in Azare, reviewed their performances in the last six months, received training in radio magazine production and came up with new topics for their programs on maternal and child health, nutrition and tuberculosis. #BreakthroughACTION | Photos from Breakthrough ACTION-Nigeria's post",[],[],['conspiracy-corruption'],
91a0e8b5-0440-457c-b374-600945d21017,Health: what is the difference between malaria and dengue,[],[],['illness-cause'],
cf995bc6-fa35-4697-a6f0-e8595b3e81f5,"I never understood the amazing works of natural herbs until I was cured of UTI and HPV through herbal medicine, I got from an herbalist called Dr. Agboya. Honestly, I have been living a happy and healthy life ever since I started using Dr. Agboya's herbal medicine and it‚Äôs highly recommended for anyone looking for a solution to their health problems. You can also email him via: agboyaherber@gmail.com ",[],[],['prevention-treatment-alternative'],
7e0f4c1e-6eac-4443-8043-a1da2d130f8b,End to hepatitis B u should know #BreakingNews #viralvideo #viralpost #healthyrecipes.,[],[],['prevention-treatment-alternative'],
733edf78-e293-4240-8535-046d0e365c9f,The Dengue patient The number of cases of Dengue (disease) is increasing during this period. It is important to protect yourself well to avoid it because it can have many complications. Take care of yourself I have the rights to the music playing,[],[],"['illness-cause', 'prevention-treatment-approved', 'illness-cause']",
aa19ecd8-3e60-4140-a7b9-01cb2378e342,"Back in 2019, then-President, Muhammadu Buhari, in collaboration with Siemens, unveiled a road map geared towards resolving existing challenges in the power sector and expanding capacity for future power needs in Nigeria. | According to the energy company, the delay is due to the effects of the COVID-19 pandemic. | Nigeria‚Äôs Electricity Infrastructure Overhaul To Take Five More Years, Says Siemens",[],[],['prevention-treatment-approved'],
ec962167-d5db-4668-864d-9d51bb29f405,"‚ÄúEspecially Ikorodu guys‚Äù ‚Äì Nigerian lady living with HIV vows to sleep with every man available (Video) | ""Especially Ikorodu guys"" - Nigerian lady living with HIV vows to sleep with every man available (Video) | ""Especially Ikorodu guys"" - Nigerian lady living with HIV vows to sleep with every man available (Video) | Intel Region",[],[],"['conspiracy-corruption', 'illness-cause']",
c1414306-a64f-490a-8478-f6fcc869a0ec,covid 19 is real,[],[],['illness-cause'],
3bbd875e-08ec-4bf5-ac36-1f47e0597210,Diphtheria is another western innovation to depopulate Africa  ,[],[],['conspiracy-corruption'],
39a27232-225e-4fe7-a0b1-6cc079a55966,diptheria is killing us,[],[],['illness-cause'],
ae7b8bec-c845-444b-b737-dbf4e85e12b4,Unbelievable cure for hepatitis B #BreakingNews #viralvideo #viralpost #hepatitis B #healthyrecipes.,[],[],['prevention-treatment-alternative'],
4ab79250-80dc-4374-8693-23b2b37036cd,"If you have a 100 dollar bill that falls on the floor, you will still pick it up because it retains its value. Even if it is flushed in the toilet and reappears in a soak-away sewage pit, it will still maintain its value. Why? Because those who printed that 100 dollar bill will defend its value no matter what has happened to it. So, never contemplate su*cide, accept depression, or feel worthless because of some life challenges you face. No matter what you are going through, even if you are HIV positive, are said to be unable to have a child, or are facing relationship issues, know that you are God's currency. He made you. He will always defend your values. Your value is as intact today as the day you were born! #RenosNuggets",[],[],"['illness-cause', 'prevention-treatment-alternative']",
fb94eab8-08f2-42b4-8468-2f5823b845f8,New Covid and disease X: their plan for September! | New Covid and disease X: their plan for September!,[],[],['conspiracy-corruption'],
3c00cec7-14af-4e19-979b-1bc04eb8bf7c,Diphtheria is spiritual,[],[],['prevention-treatment-alternative'],
36a037ec-89d7-4fe5-8437-d9b24a696cdb,#healthylifestyle #naturalhealing #diabetes #drsebifoodlist #drsebiherbs #drsebicellfood #alkalineeclectic #africanbiomineralbalance #seamossgel #usa #foodismedicine #cellfood #cancer #naturalhealth #electricfood #holistichealing #remedy #hiv #natural #alkalineveganrecipes #naturopathy #minerals #veganrecipes #healthy #healthyfood #alkalineelectric #alkalinerecipes #plantbasedvegan #eattolive #plantbaseddiet There is permanent cure for it contact me on WhatsApp: ‚Ä™+234 912 516 1048‚Ä¨ or my email: doctorphilo070@gmail.com for more info,[],[],['prevention-treatment-alternative'],
24d0bef7-4e01-4f86-ba6c-4c0e6b0838ad,"üìúSTATEMENT The NCDC‚Äôs COVID-19 Technical Working Group is closely monitoring the local, regional, continental, and global epidemiology of #COVID19 including emerging variants. Read our official statement on the new #COVID19 subvariants to stay updated üîó https://ncdc.gov.ng/news/493/official-statement-on-the-new-covid-19-subvariants",[],[],"['intervention-capacity', 'illness-cause']",
843ae99a-a662-4e30-9ca3-623fc0390c4d,"What are the signs of dengue?
#MSDS",[],[],['illness-cause'],
d942430a-a781-47f8-a886-04805822f5cc,HIV Positive Man And Others Rape 14 Years Old Girl | IZIGAN www.itvradiong.com/live:=:https://www.itvradiong.com/live/ www.youtube.com/itvradiong:=:https://www.youtube.com/channel/UCzuiQaDS-LR2Qr3QYcj730w www.facebook.com/itvradiong www.twitter.com/itvradiong:=:https://twitter.com/ITVRADIONG www.instagram.com/itvradiong:=:https://www.instagram.com/itvradiong/ www.tiktok.com/@itvradiong:=:https://www.tiktok.com/@itvradiong | HIV Positive Man And Others Rape 14 Years Old Girl | IZIGAN,[],[],"['illness-cause', 'illness-cause']",
5c09c5a4-4717-4ed4-acad-4c7410ff7e6e,This is how our grannies lived and u hardly hear of Malaria or any disease then. Proudly Mada tribe of central Nigeria.üì∑,[],[],['prevention-treatment-alternative'],
207b22c4-6aa0-414a-9357-5267dbfd3707,"Take a good care of yourself, maintain personal hygiene and go for check up immediately you feel any symptoms in other to be on a safer side .. JOIN our community How to join the community? 1 Join this by following @oriane_herbal_remedies DM if you are scared and do not know where to start . Don't forget to share. Treat yourself from diseases before it gets too late. Come to me for your herbal medications for herpes and other related problems . . I am Dr Oriane and i have helped so many with my herbal cure, your case can not be an exception as long is sickness. I have herbal remedies for your problems Contact me for a herbal medication for any kinds of diseases and ailments and say bye bye to your health problem with my herbal cure. . . . My herbal medications prevent and cure Cancer, Diabetes, High-Blood Pressure, Kidney Diseases, Prostate, Gall Stone, Myoma, Cyst, Paralysis, Stroke, Leukemia, Dengue, Anemia, Primary Complex, Gout, Arthritis, Migraine, Sleep Disorder, Dysmenorrhea , Goiter, Heart Problem, Hepatitis, Psoriasis, Vertigo, Low Sperm Count, Sexual Impotence and other serious disease. :: #cancersucks #cancerfighter #cancersurvivor #cancerwarrior #SolidarityShave #EmpathylnAction #CompassionateBarbers #CourageousWoman #ChemoJourney #StrengthandSupport #BeautifulActs #PowerofUnity #EmotionalBattle #TearsOfinspiration #HeartwarmingMoment #HairLossAwareness #ShavedHeadsUnite #StandingTogether #strongertogether #HumanKindness #NotAlonelnThis #BarbersWithHearts #transformativeexperience #alkalinediet #dickgregory #drrobertmorse #arnoldehret #heathyfood #diabetestype2 #vegetarianrecipes | How to Heal Herpes! erpes! from (Herpes Simplex Virus-2, HSV-2)",[],[],"['prevention-treatment-alternative', 'prevention-treatment-approved']",
2edbe947-b30e-453f-8f05-7650b722f527,"Mpox is a disease found in wild animals like squirrels, rats, mice, and monkeys that can spread to people. Once infected with mpox, it can spread from person to person. Mpox is treatable and usually goes away on its own after two-four weeks. Still, it can be severe, causing even death, especially for children, pregnant women, and those with other health conditions. What else would you like to know about Mpox?",[],[],"['prevention-treatment-approved', 'prevention-treatment-approved']",
fd1364bf-ed80-4b22-ab73-5e95c5cd46ab,COVID-19 cases are a hoax,[],[],['conspiracy-corruption'],
3daa44d0-7e95-48b7-b93a-9f35c8313e49,Diphteria was made up,[],[],['conspiracy-corruption'],
04bf286c-a427-4c24-9f09-d60304233262,Ongoing rumour on WhatsApp platforms suggesting HPV vaccine will affect productivity in females ,[],[],"['prevention-treatment-approved', 'illness-cause']",
54dc01ca-4841-4752-b984-7b90199f456c,"COVID-19 vaccine is not effective
",[],[],['prevention-treatment-approved'],
5c899b52-67c8-4f34-bf7f-0b5798639fe9,HPV vaccine will cause depopulation ,[],[],['prevention-treatment-approved'],
935f434c-143e-421d-aef1-7ff15bb4edb3,"That was before the politicians hijacked the Science and the scientific community. Now big pharma calls the shot .It is now not about people, but about maximizing profit regardless of human suffering!",[],[],['conspiracy-corruption'],
ee5e4a26-25be-4c3b-b20e-e40656d002b3,"This disease really devastates people too much!!! But we don't talk about it enough!!!!
I lost a friend even last week üíîüíî",[],[],"['illness-cause', 'illness-cause']",
47c209d3-8f4f-4439-aeb0-404886ec105b,"This disease is really taking its toll these days üíî, speedy recovery to the sick and thank you again doctor üôèüôèüôè",[],[],['illness-cause'],
ae15a1a3-b101-400b-a27f-b2711fb34e17,"I have just experienced this illness in my child, it is painful, I assure you, but God has given grace in all of this.",[],[],"['illness-cause', 'prevention-treatment-alternative']",
ae15a1a3-b101-400b-a27f-b2711fb34e17,"I have just experienced this illness in my child, it is painful, I assure you, but God has given grace in all of this.",[],[],"['illness-cause', 'prevention-treatment-alternative']",
ae15a1a3-b101-400b-a27f-b2711fb34e17,"I have just experienced this illness in my child, it is painful, I assure you, but God has given grace in all of this.",[],[],"['illness-cause', 'prevention-treatment-alternative']",
ae15a1a3-b101-400b-a27f-b2711fb34e17,"I have just experienced this illness in my child, it is painful, I assure you, but God has given grace in all of this.",[],[],"['illness-cause', 'prevention-treatment-alternative']",
97cc9e74-22f0-4851-a982-1238df3795f4,COVID 19 VACCINE KILLS FEW DAYS AFTER VACCINATION (COVID-19),[],[],['prevention-treatment-approved'],
1bacd01f-3830-489e-ac81-1ace56596095,HE VACCINE IS HARMFUL TO THE IMMUNE system (COVID-19),[],[],['prevention-treatment-approved'],
6b2f7db9-9102-4861-9798-f730c9dba872,COVID-19 vaccine is highly political (COVID-19),[],[],['conspiracy-corruption'],
343d3b6b-9b0a-4718-b044-d70e00970da2,That the vaccines has after effect's (COVID-19),[],[],['prevention-treatment-approved'],
187f42d0-f55b-419a-a49c-66e02e15e873,That the vaccines has after effect's (COVID-19),[],[],['prevention-treatment-approved'],
fa10ec47-dccf-417e-8854-6309f56996fd,That the vaccine is dangerous (COVID-19),[],[],['prevention-treatment-approved'],
717b4c3f-3146-4218-8e6e-4ee76c55c0c7,That it's political (COVID-19),[],[],['conspiracy-corruption'],
722cd5e8-a312-4e06-8a09-7015b26f4f4d,That COVID-19 is not real (COVID-19),[],[],['conspiracy-corruption'],
32632daf-0e9f-490c-ac81-8a96afe1ffae,"That COVID-19 is not real, but political (COVID-19)",[],[],['conspiracy-corruption'],
a61c9cb5-7a4a-40ba-af90-5b0de4157f0b,COVID - 19 vaccine kills (COVID-19),[],[],['prevention-treatment-approved'],
26752789-19ae-4d21-a944-0d876d4f357c,COVID - 19 vaccine kills (COVID-19),[],[],['prevention-treatment-approved'],
a5a54900-4430-4440-9050-63fc62559b38,COVID 19 VACCINE HAS A CHIP IN IT WHICH IMPLANTS IN THE HUMAN BODY AS YOU GET VACCINATED (COVID-19),[],[],['prevention-treatment-approved'],
1805d763-6864-4efd-b6f4-44aa38620308,That the vaccines has after effect's (COVID-19),[],[],['prevention-treatment-approved'],
d1b2e2c7-125c-4012-9182-8e09d04e8d87,POLICTIAL DIFFERENCES (Lassa fever),[],[],['conspiracy-corruption'],
754c5d21-5e27-4531-97fd-89591fc798fd,"RT @JonathanCOnP: @peterhotez shows how Russian misinformation on vaccines backfired on its own population, leading to a horrific Covid death rate https://t.co/WCWf8csfBx",[],[],"['prevention-treatment-approved', 'conspiracy-corruption', 'conspiracy-corruption']",
45d02f95-35a2-4aa5-a8df-704b3b250359,We are not living with COVID - 19 (COVID-19),[],[],['conspiracy-corruption'],
52ccf14f-5ddf-4568-8620-e1148e9f4d6c,"As  people are no longer wearing nose mask, the vaccine is extinct. (COVID-19)",[],[],"['prevention-treatment-approved', 'prevention-treatment-approved']",
8f6e7c97-10bb-4522-b757-619ddca32d3b,COVID 19 VACCINE CAUSES MENTAL ISSUES (COVID-19),[],[],['prevention-treatment-approved'],
27c8cf40-0332-4a5b-86aa-0da2e6d93465,That the vaccines has a dangerous effect (COVID-19),[],[],['prevention-treatment-approved'],
ddd2811e-d84c-418b-8a65-32dbeb3dc271,That the vaccine is dangerous (COVID-19),[],[],['prevention-treatment-approved'],
bbf60306-c832-4993-8150-82d5cc5ce049,That COVID-19 is means of reducing populationtion (COVID-19),[],[],['conspiracy-corruption'],
6043397e-2c74-4559-b6e4-980493df13b5,MONKEYPOX IS A DISEASEBTHAT HAS BEEN FORGED (Lassa fever),[],[],['conspiracy-corruption'],
d2c35c18-f363-4767-8444-3357df6f66cb,MONKEY POX IS ANOTHER FORM OF EBOLA VIRUS (Mpox),[],[],"['illness-cause', 'conspiracy-corruption']",
00517e5b-d7a3-4452-959e-93ebd43cb794,POLITICIAN WANT TO USE IT FOR POLITICS (Mpox),[],[],['conspiracy-corruption'],
98ea1107-5b9d-42d4-bae2-d56f5e2a11f9,MONKEY POX IS ANOTHER TYPE OF COVID 19 (Mpox),[],[],"['conspiracy-corruption', 'illness-cause']",
388f14f3-afea-4e5e-96d4-52d2c517ef0a,DISEASE IS DOMONIC (Mpox),[],[],['prevention-treatment-alternative'],
b2e875a8-ccdb-4d5b-914a-719c53136167,MONKEYPOX IS FOR ANIMALS AND NOT FOR HUMANS (Mpox),[],[],['illness-cause'],
38b84e07-cd64-480d-bc46-b01201d536e8,Not really most of the people are not aware of danger caused by the Lassa fever (Lassa fever),[],[],['illness-cause'],
74d17d82-c0eb-4a34-802b-5dbf8aa4e922,GOVERNMENT IS PLAYING POLITICS WITH COVID-19 ISSUE TO MAKE MONEY (Mpox),[],[],['conspiracy-corruption'],
4feba8eb-78a0-41aa-9b5b-e9ad148787fe,COVID-19 IS NOT TRUE (Lassa fever),[],[],['conspiracy-corruption'],
6ec1c0d5-789c-45e1-9baf-8d805abccacc,POLITICAL DIFFERENCES (Lassa fever),[],[],['conspiracy-corruption'],
beee6afa-3490-41e1-8401-1ca41d144e0a,Covid vaccine kills (Mpox),[],[],['prevention-treatment-approved'],
5e7fcba6-090b-4f82-bea2-adbf7ba80d46,Covid-19 can kill (Mpox),[],[],['illness-cause'],
24af4cb4-64f2-475d-a56e-bd4983c03725,That health people should stop looking for trouble because they is no Mpox (Mpox),[],[],['conspiracy-corruption'],
87d58152-b72e-4fb3-9136-cc460ee7e7ab,Covid-19 vaccine cause body pain (COVID-19),[],[],['conspiracy-corruption'],
d4b1285d-b679-4b2f-9c01-79c3e3fef3e8,If you want people to listen to Covid-19 message bring items to the community and share (COVID-19),[],[],['prevention-treatment-approved'],
271d0768-e41c-4390-b42e-2b87c251069a,Breastfeeding mother don't take Booster dose (COVID-19),[],[],['prevention-treatment-approved'],
dd8e14a2-543a-4de2-8ceb-d84404ff0fcc,People should get palliative for taking covid-19 vaccine (COVID-19),[],[],"['prevention-treatment-approved', 'prevention-treatment-approved']",
d6026160-869a-4d61-a002-7f2d84ee755c,It causes fever and pains in the the body (COVID-19),[],[],['illness-cause'],
78b3ac2d-eea4-48d9-b320-ae2a8d1b518f,Covid-19 vaccine give body pain (COVID-19),[],[],['prevention-treatment-approved'],
e30ce217-568a-4fc8-b510-dd6d6b30b574,Covid-19 vaccine was used for political purpose (COVID-19),[],[],['conspiracy-corruption'],
e1a20dbe-997e-44ab-923f-ce3d680e4193,The vaccine is always painful (COVID-19),[],[],['prevention-treatment-approved'],
e2949937-7c22-46f0-b06f-239d1420ec97,It kills and causes impotency (COVID-19),[],[],['prevention-treatment-approved'],
6eb5f260-dd88-4bbf-aec3-01cfa6149326,Covid-19 vaccine is a scam (COVID-19),[],[],['conspiracy-corruption'],
8543908e-db76-40fc-bc38-b9fea814e197,Covid 19 vaccine causes sickness (COVID-19),[],[],['prevention-treatment-approved'],
0c463244-765f-4be3-a27c-3feb99857e73,RT @BlackBondPtv: The tide is turning.... You can now sue the makers of COVID mRNA vaccines for damages and the FDA is required to remove COVID vaccines from the market. For what ? Due to adulteration. The bioactive contaminating sequences of the plasmid‚Ä¶ https://t.co/JSAenkyNyp,[],[],['prevention-treatment-approved'],
5823f178-5fcd-49c5-a7e2-00852454e12e,"@CNEWS Oh the fascist you told us that the anti-COVID vaccine was a conspiracy, are you coming back today with more nonsense?",[],[],"['conspiracy-corruption', 'conspiracy-corruption']",
2330323f-8a56-4269-b97a-489786dd6988,That COVID-19 is political (COVID-19),[],[],['conspiracy-corruption'],
00fdd6e4-2dc9-4765-baa3-2749ae33422d,That COVID-19 is not real (COVID-19),[],[],['conspiracy-corruption'],
384efe06-3085-4a2d-890f-2ce1a16c320c,COVID 19 VACCINE CAUSES PARALYSIS (COVID-19),[],[],['prevention-treatment-approved'],
fee63dba-6eab-4421-8b8a-eec58b016d56,COVID-19 is not real (COVID-19),[],[],['conspiracy-corruption'],
744fe630-5ceb-4bf3-b50a-2bab2c12c678,"Covid19 is from satanic kingdom, that affect worldly people. (COVID-19)",[],[],['conspiracy-corruption'],
68b711fa-3a12-489b-b954-22bc18078f11,That Covid19 is for the rich not poor people (COVID-19),[],[],"['illness-cause', 'conspiracy-corruption']",
a24b6256-e084-4880-91cf-2e5c809a0a1b,COVID 19 VACCINE KILLS (COVID-19),[],[],['prevention-treatment-approved'],
39e1e8c3-56ff-4aff-85d7-7a75f6bc5094,That the vaccines has after effect's (COVID-19),[],[],['prevention-treatment-approved'],
4f401572-7cd6-469b-88f4-9382e209a108,That COVID-19 causes weakness of the body (COVID-19),[],[],['illness-cause'],
da1557a5-7d3f-4b85-bfaa-a2fa839a7169,"@infamous_tweep Is Uganda still suffering from Covid, the social distance he gives his guests n even cabinets is super abnormal, I hope even in the house he does that social distance ü§£ü§£ü§£ü§£",[],[],"['conspiracy-corruption', 'prevention-treatment-approved']",
20cbc63e-3f7b-40c2-80e9-d7d089d98db1,That the vaccine is painful (COVID-19),[],[],['prevention-treatment-approved'],
2f09f371-a1bc-42af-b12b-ce3ac7692c82,COVID - 19 vaccine kills (COVID-19),[],[],['prevention-treatment-approved'],
0d43e9b8-fc59-4602-b042-b913f592ac78,That the vaccine is dangerous to the body (COVID-19),[],[],['prevention-treatment-approved'],
3f772bff-74eb-47bf-9347-f0f09a1de1ae,That the vaccines has a dangerous effect (COVID-19),[],[],['prevention-treatment-approved'],
ae8d9216-3d76-449d-88ff-0e00be42e0c2,That the vaccines has after effect's (COVID-19),[],[],['prevention-treatment-approved'],
c1fafb1f-b5e9-4993-82a0-abfad6a5e26d,That the vaccines has after effect's (COVID-19),[],[],['prevention-treatment-approved'],
7bfdf9ad-17fc-443f-9413-1a964ec9dcaa,That the vaccines has after effect's (COVID-19),[],[],['prevention-treatment-approved'],
3bd9b600-6353-4be2-865c-a6511fd1bda1,That the vaccine is dangerous (COVID-19),[],[],['prevention-treatment-approved'],
bf1ea017-abe1-4512-b20c-e772a3f9ddb2,That the vaccines is dangerous (COVID-19),[],[],['prevention-treatment-approved'],
d815f006-b96d-4862-8446-8eee43271008,That COVID-19 does not exist (COVID-19),[],[],['conspiracy-corruption'],
4e0101c9-a3f4-4949-8d1b-e15ec1bce48d,"RT @marseille_jeff: Since 2020 we have been saying that the renin angiotensin systems & especially the ‚Äúcomplement‚Äù are key in virus & vaccine toxicity! The EMA asked Pfizer for data on the ‚Äúsupplement‚Äù which activates coagulation, Pfizer refused and the EMA validated it anyway. They knew ! ‚§µÔ∏è https://t.co/upymt9jpT0 ; The ‚Äúcomplement‚Äù pathway is one of the main inflammatory pathways in COVID (Spike and N protein) which leads to inflammation, clotting and death. One of the EMA rapporteurs had requested data from Pfizer, response: ""not investigated and no signs observed"" and it passes!! ‚è¨ https://t.co/YcZpDaVi5h",[],[],"['conspiracy-corruption', 'prevention-treatment-approved']",
9b318cd3-3550-4a88-a325-b307f851b646,@susanannthrift @bambkb Anyone who got them must feel pretty good. All that risk and they still catch covid. Now they have known issues with immunity and unknown long term effects from both the vaccines and covid. Still arguing they made the right choiceüòÇ,[],[],"['prevention-treatment-approved', 'prevention-treatment-approved']",
c1dd8346-2598-4e32-a360-ab75e5308d23,GOVERNMENT ARE USING THEM ON COVID 19 VACCINE TO GET MONEY (Mpox),[],[],['conspiracy-corruption'],
a0290f62-d18d-4833-94da-0790eb66b246,"GOD SHOULD PROTECT US , ANOTHER SICKNESS AGAIN (Mpox)",[],[],['prevention-treatment-alternative'],
2e63602d-53ea-414d-9479-f3c04ddbea78,It is only monkey that get infected not human (Mpox),[],[],['illness-cause'],
67d031b5-f551-4787-95ee-fdf5c5b527be,FIRE CAN DESTROY THE DISEASE IF IT IS ROASTED (Mpox),[],[],['prevention-treatment-approved'],
153f392b-8309-45a5-9751-388d40cd97b8,THEY WANT TO USE IT FOR ELECTION PURPOSE (Mpox),[],[],"['conspiracy-corruption', 'conspiracy-corruption']",
2f40160d-d94c-4894-8c47-8d7cacda39aa,It is all spiritual (Mpox),[],[],['prevention-treatment-alternative'],
6c3d98a5-3418-405c-b748-c28dc3e5e945,ANOTHER METHOD OF CENSUS IN NIGERIA (Lassa fever),[],[],['conspiracy-corruption'],
21f86149-a019-45b7-b530-410d29d70cc6,POLITICAL DIFFERENCES (Lassa fever),[],[],['conspiracy-corruption'],
f74a12cf-5a61-4d2f-9efb-a78a1d88bc90,We need booster dose to make us free from the covid-19 virus (COVID-19),[],[],['prevention-treatment-approved'],
e4b61fd7-23ad-427b-957c-8daf5f4b5f9c,THIS COVID19 NEVER EXIT IS JUST A SCAM (COVID-19),[],[],['conspiracy-corruption'],
bbd9aecf-c35a-449a-800a-fece3dd9a454,Covid-19 vaccine is not real (COVID-19),[],[],['conspiracy-corruption'],
0195a501-ba79-4cb7-ae59-e3167ceca0da,Covid 19 vaccine causes infertility (COVID-19),[],[],['prevention-treatment-approved'],
df8403ab-7ec5-4268-8162-20789afc19b6,@NormalGuy223 The Covid clot shots as well.....he's been silent. https://t.co/tO2xbWMX4n,[],[],"['prevention-treatment-approved', 'prevention-treatment-approved']",
bf062722-03a9-43c1-b054-6cd5c0228662,RT @iluminatibot: Japan Releases Evidence That ALL COVID Variants Were Engineered in Biolabs: https://t.co/4ZHl4WOgFv,[],[],"['conspiracy-corruption', 'conspiracy-corruption']",
40e55d0f-8948-45b8-896e-d2256fb1df81,COVID-19 vaccine is a sign of end tlme (COVID-19),[],[],"['prevention-treatment-alternative', 'prevention-treatment-approved']",
c8ea1fe5-c3f5-438f-82f5-3ac5e78e5924,That the vaccine is painful (COVID-19),[],[],['prevention-treatment-approved'],
6235f726-d580-4b42-bc7c-3b9e973a7830,That it causes death (COVID-19),[],[],['prevention-treatment-approved'],
181cffbe-9638-488d-aca5-d68a17651e6a,That COVID-19 is political (COVID-19),[],[],['conspiracy-corruption'],
a262fadd-815c-4a6c-8f24-feca5c1aa4db,"Covid19 is not invoke again, very soon scientists will invent another virus to distroy humans. (COVID-19)",[],[],['conspiracy-corruption'],
31fd6570-429b-4063-810e-12af716d8863,They where afraid of taking the vaccine that is pain (COVID-19),[],[],['prevention-treatment-approved'],
6c3db0e0-ad6a-4105-a395-66b68617846e,That COVID-19 vaccine is not safe for future (COVID-19),[],[],['prevention-treatment-approved'],
5b624c6c-b753-4563-828a-b69f97405bd7,That COVID-19 causes sudden death (COVID-19),[],[],['prevention-treatment-approved'],
93ca3a7f-8868-433f-af5a-9f1e973944f5,It causes sudden death (COVID-19),[],[],['prevention-treatment-approved'],
33c090ae-6a88-434b-a7d4-55ffebbb436b,That COVID-19 is political (COVID-19),[],[],['conspiracy-corruption'],
29f0a6d3-4b37-4c3f-9dfb-05b794ff21fc,It causes allot of health related issues (COVID-19),[],[],['illness-cause'],
988fd451-9a44-495a-9db0-31f769f23072,That the vaccines has a dangerous effect (COVID-19),[],[],['prevention-treatment-approved'],
895f62b2-56da-4940-b6ad-bfc189519d25,COVID - 19 vaccine causes diseases (COVID-19),[],[],['prevention-treatment-approved'],
5b0f02e7-2c63-4c0f-8f5d-ffdcefb6057f,That COVID-19 cases vaccine is use only for does traveling out side Nigeria (COVID-19),[],[],['prevention-treatment-approved'],
20d3b88f-0aca-490c-a52a-e5b0e6be3e59,That the vaccines has after effect's (COVID-19),[],[],['prevention-treatment-approved'],
fba92935-e059-4b77-905d-e6077ddd292b,That the vaccine has after effect's (COVID-19),[],[],['prevention-treatment-approved'],
15d3e3ab-f2f7-4a58-b015-758d1d3f1730,That COVID-19 increase illness (COVID-19),[],[],['illness-cause'],
2fb55bd4-d889-4dae-908d-70c82968004d,LASSA FEVER IS THE  SECOND FORM OF EBOLA (Lassa fever),[],[],"['illness-cause', 'illness-cause']",
ec487df6-f718-4cf5-9081-9229fa5b8ee9,NOT REAL (Lassa fever),[],[],['conspiracy-corruption'],
6155085e-4a0e-4a3a-84f4-ea1c424d4f22,That because of misinformation hard they are not going to be vaccinated (Lassa fever),[],[],"['prevention-treatment-approved', 'prevention-treatment-approved']",
96a0c8c3-c818-4ddf-bb57-ad3b4977d8e1,That health people should stop looking for trouble because they is no Mpox (Mpox),[],[],['conspiracy-corruption'],
11d907c0-cc23-4968-bcb5-08359e0e7ff0,EBOLA VIRUS NOW IS MONKEYPOX IS THE SECOND (Mpox),[],[],"['illness-cause', 'conspiracy-corruption']",
25510a72-e76b-449f-b4d1-ce066e4ba907,THAT IF YOU TAKE COVID VACCINES YOU NOT LAST LONG (Mpox),[],[],['prevention-treatment-approved'],
fba2224c-da3e-4b50-8e01-a23258d6495e,Covid-19 can kill (Mpox),[],[],['illness-cause'],
416fc514-3fba-47eb-915a-14200cd3f20c,This is 999 strategy (Mpox),[],[],['conspiracy-corruption'],
bb796430-896d-4f71-9138-7abab59854f9,@i_am_feezah Bae? Is it possible to get a covid test?,[],[],['intervention-capacity'],
745edbbd-336d-49fd-a627-c67914358e58,THEY DID NOT BELIEVE THAT THERE IS MONKEYPOX (Mpox),[],[],"['conspiracy-corruption', 'illness-cause']",
4751b0e4-f06d-444a-b651-6e581799dcac,I refuse to take second and booster because of the pain of first dose (COVID-19),[],[],['prevention-treatment-approved'],
d1988683-3857-4809-b07c-137e4cbe9e61,People paid money before collecting thevaccine (COVID-19),[],[],['conspiracy-corruption'],
fb320d65-cee0-4f28-a1c9-0281f6bea168,We want palliative not covid-19 vaccine (COVID-19),[],[],['prevention-treatment-approved'],
46200329-7d95-433c-990e-89654cfe869d,People are no longer interested in Covid-19 vaccine (COVID-19),[],[],['prevention-treatment-approved'],
3b46c662-1635-4b79-a895-8197a6f49697,It kills and causes impotency (COVID-19),[],[],['prevention-treatment-approved'],
f54d5d01-a001-4f2c-b90f-cd23bfa647e5,Covid 19 vaccine is for children and not for the elderly ones (COVID-19),[],[],['prevention-treatment-approved'],
6e4cb880-066e-4e90-bd66-b21f9ef87568,COVID-19 iS NO MORE (COVID-19),[],[],['conspiracy-corruption'],
db6c669f-2966-4858-9e2c-b3fcd5b2b895,"Stay woke, they are deleting this video",[],[],['conspiracy-corruption'],
5744c1fa-8de0-4d59-bc30-3af5f8f2a029,RT @sergiodde: Japan releases evidence that all COVID variants were engineered in biological labs. A war against humanity is underway. The evidence appears. It is shocking to learn that we have been betrayed by our own governments. Personal note‚Ä¶; Japan Releases Evidence That ALL COVID Variants Were Engineered in Biolabs. There is a war against humanity. The evidence is emerging. It‚Äôs shocking to learn but we have been betrayed by our very own Governments #USA #UK #Canada #Australia #NewZealand #EU https://t.co/hf6UrnkShd,[],[],"['conspiracy-corruption', 'conspiracy-corruption']",
0176f314-c1b5-41d1-bd72-3f84cc8c3ec8,That the vaccine causes death after two years (COVID-19),[],[],['prevention-treatment-approved'],
2e90eaa5-f690-459a-8b96-71abbaeb21c2,COVID - 19 vaccine kills (COVID-19),[],[],['prevention-treatment-approved'],
5a5926c5-4608-44a0-b0cd-4f6a3658a8fb,Only God protects not the vaccine (COVID-19),[],[],"['prevention-treatment-alternative', 'prevention-treatment-approved']",
140a8e69-236e-4367-947e-cfd3d17b0cef,That the vaccine is painful (COVID-19),[],[],['prevention-treatment-approved'],
57115045-6eb8-4c6f-8372-164d8b199cb2,That the vaccine is painful (COVID-19),[],[],['prevention-treatment-approved'],
1b068ee7-f45c-4073-a6b5-bb6c16ea8d83,That the vaccines has after effect's (COVID-19),[],[],['prevention-treatment-approved'],
8d2b4163-bb40-448c-bacc-3af6453e6156,That the vaccines has after effect's (COVID-19),[],[],['prevention-treatment-approved'],
8388530a-755d-4243-9c7f-53ddf9bb6a4c,There is nothing like COVID-19 in Oron (COVID-19),[],[],['conspiracy-corruption'],
a5fcc9ea-84d4-4a89-85c0-eb2c2b8717e8,That COVID-19 is not in Nigeria (COVID-19),[],[],['conspiracy-corruption'],
07d69660-8663-4e47-888a-a1153e3ef160,The vaccine is not safe (COVID-19),[],[],['prevention-treatment-approved'],
700e2e57-98a8-47ea-857a-f498bc2272cf,That COVID-19 vaccine cause impotent in men (COVID-19),[],[],['prevention-treatment-approved'],
565534f5-0b7c-4ba1-a6a0-31b04e333329,RT @bambkb: üö®üö®üö® South Africa üáøüá¶ just released the #Covid #Vaccine contract with #Pfizer that all our governments are so DESPERATELY trying to hide from usüßê Are you guys ready for these #Covid #Vaccine FACTS? (1) Efficacy = UNKNOWN (2) Adverse events = UNKNOWN (3) Long term‚Ä¶,[],[],"['conspiracy-corruption', 'prevention-treatment-approved', 'prevention-treatment-approved']",
15a748f8-e06e-4321-98b1-90a3d82bab3a,RT @iluminatibot: Covid 19 is the biggest scam in human history.,[],[],['conspiracy-corruption'],
b8ac08ef-eb46-4ea8-af3e-8607797e75bf,That COVID-19 is political (COVID-19),[],[],['conspiracy-corruption'],
2daf3cfa-4618-4073-875b-3bfe431a4c2b,That it causes sudden death (COVID-19),[],[],['prevention-treatment-approved'],
857b84f4-3579-49aa-b367-fa92474ddf19,That the vaccines has a dangerous effect (COVID-19),[],[],['prevention-treatment-approved'],
aa7f94bc-c8da-4ac7-a432-c02c25c7a810,The vaccine dose not have any potency (COVID-19),[],[],['prevention-treatment-approved'],
38c1de5b-41c2-4069-8939-bcffaef50fa8,That the vaccine has after effect's (COVID-19),[],[],['prevention-treatment-approved'],
9c2ed5d1-7f22-4a82-aa17-169894fb2218,LASSA FWVER CAN ONLY BE GOTTEN FROM DOMESTIC RATS (Lassa fever),[],[],['illness-cause'],
dfeadf43-ff45-4fbe-adfd-311797ae2201,That COVID-19 vaccine is not real (COVID-19),[],[],"['conspiracy-corruption', 'prevention-treatment-approved']",
ca4cb5f1-c9e2-4c81-81f6-ed97ba6bceaf,MONKEYPOX IS NOT REAL IN AFRICA (Mpox),[],[],['conspiracy-corruption'],
bf8b3b3d-ffd0-4816-8f7d-f10171ad476b,"QT @NelsonSsenyange: You ready to listen to excuses like the Ukraine invasion by Russia, the war in Gaza, Covid 19 etc as reasons for not having the real 5G experience? ; One day I am going to walk to MTN offices and ask them to show me the 5G they be talking about. I will also ask their MD if the 5G she experiences whilst in other countries is the same she gives us here.",[],[],"['conspiracy-corruption', 'conspiracy-corruption', 'conspiracy-corruption']",
b81cce78-8190-4718-9d7d-cfdd570ff41e,RT @bambkb: üö®üö®üö® South Africa üáøüá¶ just released the #Covid #Vaccine contract with #Pfizer that all our governments are so DESPERATELY trying to hide from usüßê Are you guys ready for these #Covid #Vaccine FACTS? (1) Efficacy = UNKNOWN (2) Adverse events = UNKNOWN (3) Long term‚Ä¶,[],[],"['conspiracy-corruption', 'conspiracy-corruption']",
d948ba81-d226-468c-9861-ed5720424f20,"WHY IS IT THAT BUSH MEAT HAVE TURN TO DISEASE, SOMETHING THAT FOREFATHERS AND GRANDPARENT USE IT AS MEAT? (Mpox)",[],[],['conspiracy-corruption'],
bd3bf9d0-82e0-46bd-866e-7912f9ea4896,Government want to cause confusion in Nigeria (Mpox),[],[],['conspiracy-corruption'],
3b8ceedd-808e-4427-8b0a-5766daec004c,People where asking what is mpox again that will should stop bringing things to disturb people with it instead that will should bring money to them (Mpox),[],[],['illness-cause'],
d4fe7a1e-c5c8-4d5e-a7bd-8f13f34d3218,That covid-19 is dangerous to sick people (Mpox),[],[],['illness-cause'],
b93e461e-a45e-413f-8e4d-cbe1c31b2ea3,THE DISEASE DOES NOT EXIST WITHIN PLATEAU STATE (Mpox),[],[],['conspiracy-corruption'],
19bcaebb-b3f8-4782-a159-4ea07ef1cc5c,TGE VACCINE HAS FUTURE EFFECT  ON HUMAN - (Mpox),[],[],['prevention-treatment-approved'],
1409bcab-c6cc-4820-8be0-e3aed8a29094,THIS ONE IS RRAL (Mpox),[],[],['illness-cause'],
56d7f8c1-1d70-48e0-b39d-6f80067c586c,Make them mix covid-19 Vaccination with other services (COVID-19),[],[],['prevention-treatment-approved'],
42afcdc8-31c4-45f3-b84b-eddaf9266078,Covid-19 vaccine is  no longer valuable by the people (COVID-19),[],[],['prevention-treatment-approved'],
ca79d93f-94e6-4614-83d6-f293e6fd1387,Government should also support with pallatives (COVID-19),[],[],['prevention-treatment-approved'],
4718dbf1-6e7f-49c7-a8d1-48ef99f964fa,Covid 19 vaccine is for the white man and not for blacks (COVID-19),[],[],"['illness-cause', 'conspiracy-corruption']",
8ae5bca9-6367-4dd6-bb76-2798faf79ce2,Covid-19 vaccine should be based on request from people (COVID-19),[],[],['intervention-capacity'],
8a406c1a-0619-4a34-aace-cdbf2cd43b8b,"RT @wideawake_media: Fox News guest PERFECTLY summarises the World Economic Forum's 'Great Reset' agenda, in just one minute: ""The WEF is a fanatical political organisation that uses fear and manipulation, like Covid hysteria, like the hoax of global warming, to really facilitate people thinking‚Ä¶ https://t.co/0YwMbX1TLX",[],[],['conspiracy-corruption'],
56147289-3387-4b22-9223-5a279c6d78d8,"CHOLERA RESURFACES IN DOUALA

The report revolved around the demise of a patient within the community, an
event that triggered concern among the residents. The neighbors urged the
wife to consider relocating, fearing that her presence might pose a risk of
contagion to the entire locality, which raises concerns of stigmatization and
show information gaps about how cholera spreads",[],[],"['illness-cause', 'illness-cause']",
56147289-3387-4b22-9223-5a279c6d78d8,"CHOLERA RESURFACES IN DOUALA

The report revolved around the demise of a patient within the community, an
event that triggered concern among the residents. The neighbors urged the
wife to consider relocating, fearing that her presence might pose a risk of
contagion to the entire locality, which raises concerns of stigmatization and
show information gaps about how cholera spreads",[],[],"['illness-cause', 'illness-cause']",
56147289-3387-4b22-9223-5a279c6d78d8,"CHOLERA RESURFACES IN DOUALA

The report revolved around the demise of a patient within the community, an
event that triggered concern among the residents. The neighbors urged the
wife to consider relocating, fearing that her presence might pose a risk of
contagion to the entire locality, which raises concerns of stigmatization and
show information gaps about how cholera spreads",[],[],"['illness-cause', 'illness-cause']",
56147289-3387-4b22-9223-5a279c6d78d8,"CHOLERA RESURFACES IN DOUALA

The report revolved around the demise of a patient within the community, an
event that triggered concern among the residents. The neighbors urged the
wife to consider relocating, fearing that her presence might pose a risk of
contagion to the entire locality, which raises concerns of stigmatization and
show information gaps about how cholera spreads",[],[],"['illness-cause', 'illness-cause']",
c3046d9b-a96c-40ac-ab19-a4a26475aedc,That it causes death after two years (COVID-19),[],[],['prevention-treatment-approved'],
1c2ba094-f9ed-45fc-afbf-42334fc41a7c,That the vaccine is painful (COVID-19),[],[],['prevention-treatment-approved'],
d56533d5-4819-4fba-a5a3-9540cfa828b0,COVID-19 vaccine kills (COVID-19),[],[],['prevention-treatment-approved'],
4889f1f2-1b7e-4f6e-9431-868b1e159191,That COVID-19 vaccine is not safe (COVID-19),[],[],['prevention-treatment-approved'],
cef220f7-bafd-49d6-b122-54cfe9f24c45,That it causes death after two years (COVID-19),[],[],['prevention-treatment-approved'],
90fc99d9-7782-4bc9-8d77-db99652b2a77,That the vaccine is painful (COVID-19),[],[],['prevention-treatment-approved'],
b47cdd48-1e74-4bac-b8d9-e4104663e08c,That the vaccines has after effect's (COVID-19),[],[],['prevention-treatment-approved'],
e8db5ada-d84c-43c5-8c6e-284798997b5b,That the vaccine is too painful (COVID-19),[],[],['prevention-treatment-approved'],
2021b4b7-66b0-4c74-bbff-4d9df3ba0d3b,That COVID-19 vaccine is not safe (COVID-19),[],[],['prevention-treatment-approved'],
84a937da-98a6-460b-a2e7-433b0de2e125,RT @iluminatibot: Covid 19 is the biggest scam in human history.,[],[],['conspiracy-corruption'],
657ab048-ed28-447a-9a4a-6edd968d4d8f,That the vaccine is painful (COVID-19),[],[],['prevention-treatment-approved'],
f09b42f4-0ced-42ec-b3d5-c26aab0959d6,COVID-19 is not in Akwa Ibom State (COVID-19),[],[],['conspiracy-corruption'],
68ef2148-cfd8-479d-87dc-e840f6a9ce81,That COVID-19 is a satanic disease (COVID-19),[],[],['prevention-treatment-alternative'],
8be702a8-2d7f-4e23-bcf1-906ac19fd4eb,It causes body weakness (COVID-19),[],[],['illness-cause'],
039e53d4-5341-4fb5-9379-4b28be02afec,That COVID-19 is political (COVID-19),[],[],['conspiracy-corruption'],
b9857e0d-9ff3-469c-b785-3c113a1f98a3,THE VACCINE DESTROYS THE IMMUNE SYSTEM (COVID-19),[],[],['prevention-treatment-approved'],
d57529a9-280a-488e-88b7-825c6c024497,COVID - 19 vaccine causes diseases (COVID-19),[],[],['prevention-treatment-approved'],
f0187720-1aba-4339-8d59-f8fae9c26ecf,COVID 19 CAUSES INFERTILITY (COVID-19),[],[],['illness-cause'],
d3d5f252-d7a3-4a8b-a4e2-1de4288e979e,That COVID-19 vaccine increase the chances of fever (COVID-19),[],[],['prevention-treatment-approved'],
b94f4643-5b89-4c35-8654-233f76ce7d3b,That the COVID-19 does not prevent any covidi that is not the real vaccine for COVID-19 (COVID-19),[],[],"['prevention-treatment-approved', 'conspiracy-corruption']",
1eb57313-2370-4916-bbe4-5a8e6f4d4c3b,IF GIVEN THE VACCINE PERSON MAY DIE AFTER  SOME TIME (Lassa fever),[],[],['prevention-treatment-approved'],
3ce0ab0e-532d-4454-8543-414c07b99083,RT @iluminatibot: RFK Jr. says CIA was directly involved in funding COVID research for Wuhan lab: https://t.co/zSYpJpDHRj,[],[],"['conspiracy-corruption', 'prevention-treatment-approved', 'illness-cause']",
071b42a2-ea94-4ffb-bb97-aaa9038a0895,RT @iluminatibot: Covid 19 is the biggest scam in human history.,[],[],['conspiracy-corruption'],
1d6423af-e0b1-47d7-83be-46ce5c07a78f,Covid 19 is the biggest scam in human history.,[],[],['conspiracy-corruption'],
ef3adb88-314f-4d2f-9574-218ce24fef11,THAT COVID 19 VACCINE REDUCES ASTHMA (Mpox),[],[],"['prevention-treatment-approved', 'prevention-treatment-approved']",
f7d39bbb-dd5f-41e8-b62b-9bc5e9ab3ccd,That Covid-19 is not real (Lassa fever),[],[],['conspiracy-corruption'],
15f104b7-74b3-4139-bfec-fcab13e41dbb,WHY IS THE GOVERNMENT insisting SO MUCH ON THIS VACCINE THAN ANY OTHER (Mpox),[],[],"['conspiracy-corruption', 'prevention-treatment-approved']",
f46b6379-1a52-40da-8257-97e733da13de,Covid-19 is not in Nigeria that is there rumour. (Mpox),[],[],['conspiracy-corruption'],
40ff3923-80bb-403b-a891-d34430d8846c,White people have introduce another disease to kill (Mpox),[],[],['conspiracy-corruption'],
1f5d7313-e8b4-4248-ae96-163ce9308389,They said covid-19 is not real in Nigeria here (Lassa fever),[],[],['conspiracy-corruption'],
2bb010dd-4d2e-470f-a4c1-2b3dfc4b28d0,THAT THE VACCINE IS NOT IMPORTANT TO HEALTH (Lassa fever),[],[],['prevention-treatment-approved'],
051e53be-535a-4106-86da-d0c72598e8e2,COVID-19 VACCINE IS NOT REAL (Lassa fever),[],[],['conspiracy-corruption'],
c8135e6d-0682-4835-91c1-f4c866b88124,Someone received the covid-19 vaccine and die (Mpox),[],[],['prevention-treatment-approved'],
6cf1457d-e108-4706-af12-76fd5a4c456b,We want money for listening to your talk (COVID-19),[],[],['intervention-capacity'],
5e2b68ad-9777-44e0-8a33-1715912201e7,Covid 19 awakens other ailment when the vaccine is taken (COVID-19),[],[],['prevention-treatment-approved'],
f59e7fea-b73f-414f-93f4-e7764155fc53,People are not interested in covid-19 vaccine again (COVID-19),[],[],['prevention-treatment-approved'],
f65988a8-6da3-4c18-891d-a83669b69db6,That the Covid 19 vaccine is very painful when the vaccine is given (COVID-19),[],[],['prevention-treatment-approved'],
043b892f-71f2-4a9f-abff-9bbddf879be5,"RT @leozuckermann: The time will come to account for more than 600 thousand deaths during the COVID pandemic, ‚Äúdoctor‚Äù @HLGatell; Another time will come to comment. https://t.co/dkjpMmxGGd",[],[],"['conspiracy-corruption', 'illness-cause']",
